1.8528404792988091 , -0.164368976799206 , 1.0983907760185696 , -0.9307368860691165 , -1.0193342004985422 , 1.166963092737453 , 1
-0.21530774768049082 , 1.6366597373557956 , -0.6183114494407717 , 0.990022042356735 , 0.3867025233332313 , 1.1592627284804606 , 0
0.046534562857173514 , -1.1648725652256215 , 0.04392190698871901 , -0.4136908641406277 , -1.088479263276458 , -1.3798898785557097 , 1
-0.6984682386599185 , -0.7313877007410281 , 0.22682513987926278 , 0.14879479508341423 , -1.4446215644768876 , 1.1757385917600618 , 1
-2.1344963382089164 , -0.946796432502994 , 0.7331264992295279 , -3.5043330618749597 , -1.8233874247380821 , 0.9046491659060267 , 1
-0.18678976511830644 , -0.35105165873243305 , 0.25874008676930926 , 0.824302755502065 , -1.2429501180472962 , -0.09511961884286302 , 0
0.3795486192358205 , 0.07035487550105261 , 0.7419279159316766 , 0.2183121151731036 , 1.3027721366159244 , -1.3271926309253876 , 1
0.25194121491534816 , -0.5362850041897845 , 0.9831769674150662 , -1.4368355371547916 , 0.744086474997121 , 1.434010575119231 , 1
1.0261132529714425 , 0.8495875719126764 , -0.34210770632317894 , 0.8496531089988252 , 0.12493948522290342 , 0.693369586134696 , 0
0.12159773548015018 , -0.44862065367150444 , -0.2633018313334688 , -0.3158056510848578 , 1.422453481877428 , -1.000381763018889 , 1
0.686402618732574 , -1.0223766549602888 , -0.48666543014578956 , 0.40072162640622033 , -0.0011365695867476744 , 0.47810020797553127 , 0
0.6455025883256563 , -1.3790026339145967 , 0.832945414579296 , 0.05312848290406185 , -0.9246724674268906 , 0.8447709800659359 , 1
1.2922426439207255 , -0.8154781412501828 , -0.8919441085475545 , 1.1061914129056116 , -0.8326764959798776 , -0.2707758689352263 , 0
0.6413211866729935 , 1.300381877799233 , 1.3436772733419808 , -0.40556554359415725 , 0.49349973747500997 , 1.156543705581001 , 1
0.43080695402857827 , -0.08940935748019835 , 0.7381526890115361 , 0.12131215351639875 , -0.5133159178490396 , 1.2165705788522752 , 1
-1.5821812753393305 , 0.4938554827201898 , 0.7389440361461899 , -0.05361094825454165 , 1.449649792198547 , 1.6291492559839607 , 1
0.30021631250381037 , 0.4967099690789974 , -0.4752997522900793 , 0.7281982775395429 , -1.47252229355413 , 0.4333777422598649 , 0
0.5469156004376552 , -0.4917774488150347 , 0.4898328709335358 , 0.01604090128949815 , 1.5191672332381865 , 1.407070665117093 , 1
0.0549899108240268 , -0.7563742091164113 , 0.76033835617715 , -0.9222804376112269 , 1.2474988729023522 , -0.9487061664605976 , 1
-0.7575749481478442 , -0.3722231500417027 , 1.2597715659690647 , -1.7074673512686416 , -1.457408777675322 , 1.6855483899169585 , 1
-1.4255567186035492 , -1.5921602365295837 , -0.0927176037103097 , -2.1247369666521223 , -0.5827004384784791 , 0.9333246014429053 , 1
-0.9515175469346578 , -0.3880884058993587 , 2.574995278813504 , -1.0638860689207326 , 1.1714396373553455 , -0.7069157243398981 , 1
0.21085453012981592 , 0.7803716844785914 , 1.0593611437651158 , -1.5284542836452766 , 1.4456793375260826 , 1.0472913538501203 , 1
-0.33538141604790506 , 1.9430160245529784 , -0.44220432955936584 , 0.823555651653718 , 0.675104408165789 , -0.10257663554520478 , 0
-0.912777208606503 , -0.773777432082405 , 0.6539523295089001 , -1.5367955360371408 , 1.566326031219372 , -1.4130871532575602 , 1
-0.045472796173508565 , 0.5335842137787579 , -0.40963873925427907 , -0.5625349970278881 , -1.180414227263203 , -1.2387498059879674 , 1
1.9708047325146196 , -1.4883642163507445 , -0.8848386468318188 , 1.2126865019824724 , 0.1750830705245713 , 0.534629336697394 , 0
-3.115242998078359 , 0.5190433138928593 , 0.9118220170878935 , -1.7819930681489289 , 1.4468146526490908 , 0.6824617139280053 , 1
0.1961058041107483 , -2.211464402465282 , 0.3884734695609716 , 0.9291461210178599 , 0.9929571877645209 , 0.1673868286767417 , 0
0.2252482412750277 , -1.4414112958316965 , -0.46966145976897994 , -0.14277420786926892 , 0.742696682201753 , -1.0166701176142106 , 0
-1.5986309990105247 , 0.32823336069228615 , -0.3437054827505668 , 0.6886478524124002 , -0.7754384768743692 , 0.15323324026265756 , 0
-1.280028192771426 , 1.626136723016871 , -1.9813035528834786 , 0.6071827127569112 , -0.1874857551178949 , 1.01405490817772 , 0
1.4800438112288774 , -1.9316616054216564 , -1.5417672173339412 , 0.5805811073931132 , -0.7261620986696947 , -1.4810803535050046 , 0
-0.7907766322925799 , 1.3016322628633659 , -0.5148555952341344 , 0.9173031431188478 , -0.7016974885289746 , 1.3222439366421155 , 0
1.664002425125429 , 0.13237442165865254 , -0.7808991683586781 , -0.8268653460562856 , -1.4459244689961943 , 0.8635430985969383 , 1
1.097488677194284 , 0.022892776534197978 , -0.7595325706609047 , 0.2933018934513718 , 0.39076576029106397 , 1.023170669216384 , 0
-0.22109275439932874 , -0.8895330376525493 , -0.028844227956501167 , 0.6933970850655858 , 0.7365310377141837 , -0.0584912577304294 , 0
1.5660133063087998 , -0.5996913593299172 , -1.19557294888996 , -0.617928009621733 , -0.285867491183401 , -0.9973560114552442 , 1
2.21742591302443 , 0.06914038734434046 , 2.6376511587544083 , -2.0054254653405468 , -0.8497687233618572 , 0.658156301158044 , 1
-0.21704777934973868 , -0.659669898504413 , -0.5806745552849891 , 0.8652163646146551 , 0.35339442005836175 , 1.259476913474125 , 0
-0.9816478645023309 , 1.472756116212785 , -0.9595430381646946 , 0.8654770621424692 , 0.28196061686611085 , -1.1807438274955104 , 0
0.5077807413632084 , 1.582265102038095 , 1.4720757835706644 , -2.2165903791348294 , -1.632295544063833 , -1.1890192300008757 , 1
0.4975073202415443 , -0.6208354716695185 , 1.2172668517548224 , -1.111983175212292 , 1.4296187793535327 , -1.544506876461164 , 1
-0.4819094445686518 , 0.13170607344459234 , 0.096036643203147 , -0.03659481794794939 , 0.37787998572518183 , -1.1246657141617848 , 0
-0.4712910771820551 , 0.32388483436661625 , 0.968302792936565 , -0.4043027619276428 , -1.2145411579502463 , 0.8398180614668906 , 1
-0.08636104041610954 , 0.3733833082938962 , 0.6272539288265406 , -0.9942648565258841 , -1.156312104763853 , 0.957240413756336 , 1
-0.72934810425254 , -0.582798500156058 , 0.25912196905189 , 0.18945854303919119 , -0.7010642968110873 , -1.1375910293702023 , 1
0.6340263079510888 , 1.7604832520873066 , -0.3722351881299747 , -0.5996855479887889 , 1.2341531322654438 , 1.0124356242298471 , 1
0.39048560857335934 , 0.7655200170125415 , 0.02357454022654843 , 0.09653057000002047 , -0.7061051700520944 , 1.843619967337841 , 1
-0.5738416150167568 , -0.06935856854756736 , -0.8247473198261009 , 0.9926362289642412 , 0.5716716823166025 , 1.0772331596505853 , 1
-0.7630964899180384 , -1.2033187232249867 , 0.7483789864933448 , -0.9630032078481581 , -0.9233588416814482 , -1.5275975656460736 , 1
-0.33277991089771947 , -0.05500473927573483 , 0.34851353295613613 , -2.4637017674684536 , -0.6642149663573684 , 1.1202059877265105 , 1
-0.05871021136704023 , 0.7829809643052421 , -1.3444862302099883 , -0.21563539578634114 , -0.07859738337692784 , 0.8249422457423655 , 0
-0.6552505400944502 , 0.895886250726213 , -0.9106746301677856 , 0.9770613055396093 , 1.5659244537851265 , 0.28600832590144565 , 0
-0.9899878005287158 , -0.1296061586966629 , -0.23713403203644648 , 0.30536022034436594 , -0.478322781470405 , -0.3222971094689543 , 0
1.578867257886271 , -0.22506511397518525 , 0.783612392266694 , -0.5834475279181323 , 1.1672090971389197 , 0.9850082092232261 , 1
-0.9153049974516528 , 0.2735259065720752 , -0.7424667906771656 , 0.8410203975587315 , -0.14877446322860388 , -1.0437232467631161 , 0
1.079334384276654 , -1.022189189358152 , -1.4741949853349379 , 0.09311890836323392 , 0.2526502468563439 , 1.26694263825958 , 0
0.030114746275170252 , -1.0236327697107206 , -0.4269981499909095 , 0.3949981805658865 , -0.20130662826230536 , -1.1184551780876397 , 0
0.5059679280022203 , 0.18007465641947518 , 0.6491899397672934 , 0.7824628826869175 , 0.8315113425311095 , 1.386272866176222 , 1
1.1205875838222874 , 0.061487468271084846 , 0.8859331849592482 , 0.2515065296514654 , 0.9449673907994351 , -1.3574375694278993 , 1
0.8837658949886344 , 0.24136090210567662 , -0.19089750204374445 , 1.4816444771341306 , -0.7580318853933996 , 0.2748212198106503 , 0
0.26717038244915725 , -1.4721783485614195 , -0.3903847862061586 , -0.863402078989912 , 1.0098254448134865 , 0.7389553981586886 , 1
1.4624450235054094 , 0.3299779384806429 , 1.3224969061694969 , -0.8829643983605666 , 0.7007920409364371 , 0.7784918737626675 , 1
-0.3232653341058114 , 1.50604447816115 , -1.2152644403289548 , 0.4421564631138042 , 0.17812169538296452 , -0.664776867804963 , 0
0.034619598120650956 , 0.4958018187331641 , -1.3389943583341382 , 0.1377655830937446 , 1.3288482312772512 , -0.1962684193662073 , 0
0.5022042218360414 , 0.18668375916460592 , -0.3308888411463439 , -0.32502709336015667 , -1.3893331314276844 , 1.1205804121463772 , 1
1.011838546619524 , -0.713663955731391 , 0.3551605475567834 , -0.888961208230195 , 1.430550366889613 , 1.6636211593816197 , 1
1.2364755987255953 , -0.45291143368748954 , -1.2519884676256268 , 1.0017419584019154 , -0.12304112326448428 , 0.7862160183391798 , 0
-1.304703233215668 , 0.7036989000082169 , 1.7857442143102447 , -0.7492912459719686 , -1.1258336738405903 , -0.9930568339998981 , 1
1.0119810847266972 , 1.820234200723571 , -0.42041819965373134 , 0.15482460073901128 , 0.7472754954489976 , 0.25194443470483086 , 0
0.4716857715860769 , -0.1698133297551414 , -1.0004136550049192 , 0.39761011709767075 , -0.8825894167569106 , -0.1087999133215694 , 0
0.15426775430445683 , -1.3031645076913645 , 1.3889216591924314 , -1.0520058167952302 , 0.7716515452419525 , 1.1414002875149347 , 1
-0.91570452029277 , 3.5093260550227896 , -0.697434452450734 , 1.0790621714986783 , 1.3636859130020689 , -0.6281197070814125 , 0
1.4948008321225545 , 0.1939929278678141 , 1.1287495941514474 , -0.9439651676196721 , -1.0802671227204848 , 0.8894859524450159 , 1
-0.7162272121749153 , 0.33628155783735764 , 0.5460799537144425 , 0.8926135426781565 , 1.207454664547886 , 0.3906089295989254 , 1
0.5432513202331444 , 0.3755685203826216 , -0.4574753418639891 , 0.4164415956322925 , -1.0661412308104827 , -0.7143448089082537 , 0
2.6639474851333462 , -0.6832978895700742 , 0.6476408988601823 , 0.13349322328323635 , -1.4487732719737014 , -0.624514492473709 , 1
-1.225582810059398 , -1.9069881424689437 , -0.5462261647985173 , -0.3760818240054633 , 0.6244948566413764 , -1.760619654639064 , 1
-1.7613106872024884 , 2.1662664412562638 , -0.7739556016383409 , 1.167179355396656 , 0.7433573562403182 , -1.1449218807452963 , 0
0.06813953096638432 , 1.280503950446632 , 0.21134822056258679 , 0.8280224974518642 , -0.0417396292717709 , -1.055875124812427 , 0
0.4295028471634958 , 0.8176601079601389 , -1.2060821019282681 , -0.1740996910457118 , 0.3026390603854602 , -1.0938275519899783 , 0
-1.0822081164361619 , -1.3502069464716502 , 1.7441396044890303 , -1.180078567657479 , 0.9618576740155782 , -0.9267469723274564 , 1
0.2971323621240842 , 0.42937794540212426 , 0.6196468524627056 , -0.2579762997150256 , 0.8221842791389788 , -0.836662392088675 , 1
0.3215977927331063 , 1.9559070517502555 , -1.111177487967553 , 1.9878923295867956 , 1.1046429374865911 , -0.8511819097980327 , 0
0.592584229850161 , -1.1694356189259403 , 1.1600551170114008 , -1.336635519474971 , 1.3987177536682225 , 1.6648193388213706 , 1
0.6807577498458137 , 0.9679822542426615 , 0.6258518489115414 , 0.0936374748129581 , -1.1671397888246862 , -0.6106954302289906 , 1
1.6909829950149569 , -0.29223029120865673 , 0.3619957747759622 , 1.352775702548875 , 0.2714455279179183 , 1.0817835534396636 , 0
-0.041991040140612584 , 0.6630515812360509 , -0.1089449846066869 , -0.9105020834242238 , 0.7490507762188876 , 0.949991084183891 , 1
1.803176815321508 , 0.494479497568795 , -1.3418010489028491 , 0.9371035762044004 , -0.9822199893734173 , 0.03807690038478463 , 0
0.37702174833144875 , 2.8365473189135173 , -0.7829770273041861 , 1.1250790796412307 , -1.1312516512589712 , 0.30410842945831984 , 0
-0.40056755017737516 , 0.2212057619684389 , 0.08042569253653536 , -1.6452022093908647 , 1.112850229552521 , -0.40477097118262234 , 1
-0.03554505391000029 , -0.15674114251001928 , -1.3657273508720544 , 0.29151990033754294 , 0.013998370651125169 , 1.1160320735876985 , 0
0.5755199674113513 , -0.9276275340873663 , -0.5429341237709839 , 0.8226619304215124 , -0.7227886919894602 , 1.3561312928036298 , 0
1.3437356408088392 , -0.7362520811957839 , -0.4395896166279454 , 0.04966407675637131 , -0.4530051004613718 , 0.8430802519383988 , 1
-0.7435358015492157 , 0.8051584877283123 , -1.5904634939160964 , 2.843416208048603 , -1.14052976405863 , 0.7759577911528018 , 0
-0.4189624745280557 , -1.3503812708130096 , 0.7962125834066863 , -0.15081060738914692 , 1.2666215513408785 , -0.9462824341715508 , 1
0.5978149012194045 , 1.0851089726661807 , 0.007756955309419267 , 0.11511385047201911 , 0.9870114421377385 , 1.247652235706501 , 1
0.0067212026980884585 , 0.3640131815040233 , -1.3889992354673908 , 0.8748312888440549 , 1.3330998133858365 , -0.18812419431811606 , 0
-0.20982377000624666 , -1.320408262285165 , 0.031238440822154868 , 2.108024386620788 , -0.8659409769116625 , 0.19139411541874632 , 0
-0.08836707608067126 , -1.436400414367164 , -1.8177549197699459 , 1.9198776458955729 , 1.20901016959738 , -0.47290764541974756 , 0
-0.31899896936423183 , -1.1725072345367644 , -1.5536505751587228 , 0.2484606002759749 , 0.14742542419319435 , 0.9858123857362252 , 0
-0.5563148603638428 , -0.7154974298214215 , 0.04898095818451991 , -0.4170229346578479 , -0.6289395128968045 , -0.9535072623209205 , 1
-0.3088062402281617 , 0.45442523805476254 , -1.4344717236040783 , 0.35738045182118333 , -0.10591410196818095 , -0.8069235626594795 , 0
-0.5622654021866131 , -1.712983026904012 , 1.599224404368113 , -0.3957314384033898 , 1.6888898250235134 , -0.9078273196420267 , 1
2.626094950228491 , 1.1939122305561076 , -0.35258809770866384 , -0.30365032619734716 , -1.5716666930730234 , -0.549191678437974 , 1
-0.291700576407795 , 0.18397622194556848 , 0.012504841015478432 , 0.8802168950619791 , -0.6941793590699193 , -0.9083991428890871 , 1
0.8676865572331959 , 0.04813080419662654 , -0.47806004586183004 , 3.2516956751146218 , 0.1856532062503341 , 1.0521730508542129 , 0
-0.2949588217066685 , 0.8915894764604513 , -0.5298175575714978 , 0.57799106469994 , 0.45899658288989253 , -1.1991958723545009 , 0
0.006889037386146322 , -1.613244736711589 , -1.4062058041688739 , 0.911633734431318 , -0.08063030390353024 , -1.0829484570328838 , 0
-0.8686726603002427 , -0.2622380559536515 , 1.5036933833898822 , -0.5860622271689867 , 0.5052214345319016 , 0.6463687272482117 , 1
0.8827446626995918 , -0.43982283869645217 , 0.5333690092478479 , -1.4112271239401635 , -1.0092195937149908 , -0.6819320018147433 , 1
0.25905064004644013 , -1.191259215210748 , -0.09932997552025377 , -0.19851123050230085 , -0.9917461068554367 , 0.44199202363187307 , 0
-1.6989628748292185 , -0.527879840357001 , 1.0915119769621555 , -1.2042183247508074 , 0.8361353641040824 , -1.2832726878544045 , 1
1.694295223765247 , -0.712389342971305 , 0.39522499475553025 , 0.06292215674583665 , 0.7374828204154312 , 1.2574797399727065 , 1
-0.4113208464376857 , 0.31432510967655436 , -1.0090796034131326 , 0.862457378014037 , 0.766976935949568 , -1.1124238833084112 , 0
1.4413023670717393 , 0.590312745294482 , 1.377737565238708 , -2.0477181961000617 , -1.2630794713926652 , -1.8624447809496885 , 1
1.6968510455107488 , -0.049146046810691964 , 0.952537069073083 , -1.3422873687810182 , 0.7909855023214177 , -1.3710253349534327 , 1
-1.2660120782527848 , 0.3074605709041241 , -0.6960443309518365 , -0.7594699634479616 , -1.327176664588082 , 0.763576088092853 , 1
0.6275906968987849 , 0.49354184768816217 , -0.062145105525649315 , -0.46197387248720123 , -1.0191583774801742 , -1.1750753648583123 , 1
-0.2568660907926111 , -0.3580017587066328 , -1.2399886145265195 , 0.46110406174700724 , -0.1359499285705172 , 1.2367616702203459 , 0
0.36879921634362384 , 0.6093158732219207 , -0.602655471064032 , 1.5813917914364977 , -1.2717801803659141 , -0.11654563638426495 , 0
-0.34829647237618144 , 0.7203277250732345 , 2.3930973377253095 , 0.5685994773593245 , 0.6603081208922116 , -1.267988832297934 , 1
1.2829182187803103 , -0.5060816055585476 , 0.3781718959270009 , -0.20694387430591168 , -1.1549184338074896 , -0.7995280313079046 , 1
1.1374794202069318 , -2.069613032558517 , -0.3186635195311571 , 1.001281461272947 , 0.6473969893978208 , -0.8547461631435519 , 0
-0.2527784165989086 , 0.31248450014313606 , -0.1910084108380848 , 1.6578970296364801 , 0.6544508741784629 , 0.4136449642397605 , 0
0.6557241052774503 , 1.8586753586800904 , 0.8979084418485108 , -1.5240616374892932 , -0.53584324330114 , 1.1406317174656138 , 1
0.11497800463230834 , -0.11404019000540672 , 0.7992092675489005 , -0.2422241684302497 , 1.3149001787227417 , 1.2676227195885859 , 1
0.28523125390837956 , -0.4881119047330709 , 0.5921062669201218 , -0.6358667327173189 , 1.509066935478594 , 1.1929009825448529 , 1
-1.2333932004272075 , 0.09502571146528727 , -1.0270577276633994 , -0.625118113081718 , -0.8845392412675382 , -0.7081202996347262 , 1
0.0005231386118225031 , -1.3300401647842264 , 0.27107599286053147 , 0.1867186249616503 , 1.0868144729238556 , -1.8638759947091434 , 1
-0.5721969930461964 , -0.5883557507617238 , 0.13687190448029773 , 0.4881783469218698 , -0.23781047107757247 , 0.25595055453537385 , 0
0.3149291444927761 , -0.5456230951642346 , 2.4317672322832644 , -0.569821620796641 , -1.0101168004041765 , -1.1839458208415423 , 1
2.559611085294933 , 0.18027574950315312 , 0.7643388364294452 , -0.709250818872467 , -1.0515303436477004 , -1.109742983068817 , 1
0.5300420033585201 , -0.22397814526587148 , -1.0119134977219215 , 1.495927654177106 , -0.32884637158311225 , 0.5739464719327908 , 0
2.443843560029378 , -0.6488890275975258 , 0.6469847089235261 , -1.8189595122855797 , 0.9931353286253473 , 1.2638586034464052 , 1
-0.47276278656765 , -2.0122569816485347 , -0.6211525591927006 , 0.11366430732373947 , -1.0140892021845813 , -0.024351465113424512 , 0
-0.6807396869296747 , 0.024018982927571004 , 1.2475167353781664 , -0.9434796345270333 , -1.5830283145088442 , 0.9428279180925813 , 1
0.9211198418864762 , -0.8036806298458876 , -0.5080233066152827 , 0.19331669188197187 , -0.36137087336215756 , 1.377575287162238 , 0
-1.760774409924136 , 0.7673367118159141 , 0.36616908246350927 , -0.9352745470393699 , 0.7850788652590558 , 1.2341351399975258 , 1
0.06991592216057962 , 1.4225188337678067 , -0.8431648772700675 , 1.133842505322384 , 1.3921158550939894 , -0.2881822088234612 , 0
0.6737460433683377 , 1.3376820526493143 , 0.4735129200509982 , -1.6219875097356529 , 1.2720071848054488 , 1.4620390580839677 , 1
-0.0796130193704919 , 1.0260252708788726 , -0.5607288855562049 , 1.1449010420721226 , -0.682684494481335 , 0.8553208412363953 , 0
0.6583747107863995 , -0.31596179851843686 , 0.0094297320291327 , -0.860566716505638 , 0.9685346960637412 , -1.3032111794567522 , 1
2.431989081561247 , -0.7045074226344755 , 1.4817447836239939 , -0.8704753505235236 , -1.4469505623178305 , 1.1907252559588917 , 1
0.3644131544131835 , -0.671171029995289 , 1.3020386264165158 , 0.4068516454906505 , 1.2992905140721018 , -1.4226253254216792 , 1
-1.7164579720732085 , 0.8814676511875392 , 2.2306821728651696 , -2.0323475472273085 , -1.2491792556674008 , 1.3166940858318856 , 1
1.0964874623886118 , 0.7680179460912441 , -0.23429970902283725 , 0.617063304399646 , -0.4649001584540209 , 0.5870329640899884 , 0
0.858622711484234 , -0.550660763179012 , -0.009024519886172621 , -0.2035762109872045 , -0.8339591278713566 , 0.7425053587736142 , 1
-0.7855835396432266 , -0.2980919918548612 , 0.47531778595505686 , -0.9287008915081107 , -1.1759398969923245 , 1.3100718076075446 , 1
1.0812364811187836 , 0.5358748772955086 , 0.4251141583784022 , -0.6504068540807729 , 0.6504646201306301 , 0.8265307189598321 , 1
-0.40889914607113675 , -1.1007110673570162 , -0.7753437285485054 , -0.15336674660937138 , -0.025793005302225443 , 1.0961267107849666 , 0
-0.7324835227624039 , -1.5321795803882794 , -0.5569920976445968 , 0.39056199339304126 , -0.05935714180326699 , 1.441460097933971 , 0
1.0248405012497401 , 0.5261054375724099 , 1.461255762140369 , -0.9193874833781409 , -1.0441328638022338 , -1.2007539510980998 , 1
0.031880743376234706 , -1.0469916781785618 , -0.6988098972220066 , 0.652186663612929 , 0.41779636639490625 , 0.8833094789132035 , 0
-0.00914671661065701 , 0.22501037889289366 , -0.6622447089067366 , 1.1827117562136762 , -1.0232360207403095 , 0.618798780169511 , 0
0.6131478606417311 , 0.029139290064441662 , -0.21750553633371092 , 0.07420158596573322 , -0.1752609658184174 , 1.8931690604483855 , 0
0.6009898453367674 , -0.58399496201479 , 0.6424370747524464 , -0.3807120675180334 , 1.4987385071422588 , -0.8726769008285358 , 1
-0.43190523634278244 , 1.073395405390626 , 1.860944617181699 , -0.6857626252456407 , -0.8157073863750344 , 0.6114171524851658 , 1
0.40319363191831037 , -0.06750786942940705 , 0.5530230612243986 , -1.0157474670226367 , 1.212417294364406 , 1.2220572914469678 , 1
0.26582065241838726 , 1.857337213656782 , 1.4132903709864897 , 0.5198954509592981 , -0.7120518404910827 , -0.8805318645120589 , 1
-1.1914611669880966 , -0.5235130389664303 , 0.9182471216842981 , -0.5909196867539055 , -0.7565371497458049 , -1.0713973491981594 , 1
0.6279721217093861 , -0.2988117759797413 , 0.1361160537663996 , 1.7006151871651065 , -0.8427632052098722 , -0.8642761229906778 , 1
0.015723461174902788 , -1.0676406635354165 , 1.0503023967516356 , -1.0363042422200428 , -1.6211101830932673 , 1.126192880114194 , 1
-0.9052455805837988 , 0.33990912256608724 , -0.3338363266895112 , 0.3930393608240891 , 0.8403751688033434 , -0.03485279237299739 , 0
0.6191310837541155 , -0.1311950502560958 , 0.6913595095555987 , 0.42348147603272274 , -0.14338629039675352 , -0.9464007686090697 , 0
0.44776518242192676 , 0.8012994489501919 , -1.0695910099106247 , 1.6693593431396025 , -1.1908407217079042 , 0.2850317322313355 , 0
-0.4442352100515792 , -0.14264947927882698 , 0.9849229824785276 , -1.8382997354414499 , -0.7160014460527854 , -1.2381392740739787 , 1
-0.6419390382935658 , 2.0125848243142697 , -1.1937626884647161 , 0.9577209153935748 , -0.9641181693857577 , 0.49451808858325524 , 0
-0.778454862232993 , -2.1203215211939157 , -0.5922783546630709 , 0.3541400841350897 , 1.4198909474453192 , 0.32682052238919523 , 0
-0.5699432314796474 , -0.6433635659636137 , 0.4901323874010767 , -0.4107553669249076 , 0.8399962647127943 , -0.7409991077604162 , 1
-1.6886499490209341 , 0.4610794790359006 , 2.3851435318692107 , -1.6522186545431043 , 1.4737227893842286 , 0.8585720123844349 , 1
0.3045535071721971 , -2.4448888506975117 , -0.6813564449760079 , 0.31437283280205963 , -1.3102059722758759 , -0.45153926443540476 , 0
0.36164792694405984 , -0.4304737215743645 , -0.2378531139474376 , -0.5168624675116977 , 0.7232400147082743 , -1.206288551064519 , 1
-1.7061480975610765 , 0.3494668537517421 , 0.8040326434548235 , -0.1076840469748517 , 1.0094121728940293 , 1.0378773447306535 , 1
-0.34889129476226133 , 0.1475624328986819 , -0.592643707604931 , -0.0218743502939257 , -0.9975679290357161 , -0.7256555649663313 , 0
2.4320586823778103 , -0.3740173117075471 , 0.09499324622519174 , -0.04052435828615144 , 1.1632831004316304 , -0.654506114504802 , 1
-0.30247323670836096 , -1.3283950618526343 , -0.41332619662785747 , 1.273349180152749 , -1.206610145675177 , -0.211473615729691 , 0
0.9225180966176596 , 1.892320009484601 , 0.611536135401987 , 0.6246273012552164 , -0.9102390742711074 , -0.4860026395461037 , 0
0.7845364516441805 , 1.376677608302475 , -0.6287474606485174 , 1.0263190345519844 , -1.292931753302496 , 0.41982827403554007 , 0
0.8838968343834638 , 0.059528031185939696 , 0.48071871371080666 , 0.8227966633453121 , -0.03186851154139987 , 1.401863417184102 , 0
0.03479321491327048 , 0.251380433870381 , -0.8089007129317286 , 0.47987464103318506 , 1.208163919157054 , -0.0833546493237435 , 0
-1.783955549643448 , 0.27500258355192775 , 1.1031943121292116 , -1.047089523239838 , 1.2670566501515965 , -1.1638380934054118 , 1
-1.391827777387908 , 0.7101277383916124 , 1.0733662813352105 , 0.5442250042963274 , 0.7662299981691971 , 1.0514728792251238 , 1
-0.17338512363290368 , 1.4612276767092893 , -0.31896772910009685 , -0.20879907071851206 , 0.804303678090095 , -0.991847646353835 , 1
-0.8353473533485748 , 0.3844607177637369 , 0.8095617655264373 , -0.05074252366013226 , -1.5490112605111714 , 0.9131565459829849 , 1
-0.3281179852293451 , -1.2822969478259025 , -1.2278148246505034 , -0.351197165026077 , 1.1901745374024284 , -0.45936560979935454 , 0
0.5026317433139439 , -1.9937728266705714 , -1.898469586231684 , -0.02304443822274909 , 0.3305305313578182 , 1.2168171118810194 , 0
1.1570199566300507 , -0.21817627042911622 , 0.45920393856344416 , -1.3228959010011296 , -0.926692940184381 , -1.3951268719633085 , 1
-0.1319384601321305 , -0.3879580272371475 , 0.9176728391378156 , -1.6326931758389518 , -1.3401540430981616 , -0.327129248020588 , 1
-1.1319054389306398 , 0.6140989215372749 , 0.8817246141056766 , -1.7999771834878286 , 1.2697492364737837 , 1.6379271307766716 , 1
-1.0198497979297925 , -1.0041531425045733 , 1.2726534944099621 , 1.3555113542785897 , -0.8000272277883554 , 0.4303826148154315 , 0
-1.0550491294276587 , 0.4367336993598631 , -0.03121989166027447 , -0.5062348175036336 , -0.06963174955895299 , -0.7741705966043739 , 0
-0.06564269921227175 , -1.1827788971848012 , -0.7632710770339967 , -0.268524110735375 , -0.10196754689459964 , 0.8479093730249572 , 0
0.8430862940626979 , 0.6845404716379679 , -0.7845132282524879 , 1.7453605345999212 , -0.4812538716500962 , -0.756940034440275 , 0
1.1106303341297428 , -1.0316640630896983 , 0.12078523767438662 , -1.7903831671613344 , -1.2131938232195154 , -1.0560514100718552 , 1
0.06061046946946232 , -1.0376553063795901 , -0.3583142772073321 , 1.5597705827248105 , -1.254417372040654 , 0.2332782418354359 , 0
0.12393130445939793 , 0.3282038163412939 , -0.9529927844981626 , 0.018717749739786144 , 0.6422922523719813 , 0.09554038337761374 , 0
0.5469636771874795 , -1.1205973935453724 , -0.10608753886260087 , 0.44704292349633096 , 1.0416466880383335 , -0.25817696572511994 , 0
-0.3865681094948661 , -1.7169663521559702 , 1.3136566399151073 , -0.9848184555831972 , -0.619820838717381 , 1.0065305733008063 , 1
-0.21968681933421563 , -0.5948611416081674 , -0.524084258735379 , -0.9590699099706124 , -1.2243824520488227 , 0.8318257012656073 , 1
0.15468558695316226 , -0.28550267206670915 , -0.947150698515727 , 0.8407799045114988 , -0.09843989686717093 , 1.4368613167740896 , 0
-0.0746326545850252 , 0.4284615969322656 , -1.630190631026168 , 0.938726435470696 , 0.37143106844207285 , 1.6707090485454472 , 0
-1.1700030025105927 , -0.5619575443870719 , -0.7345712922129674 , 1.9465176166881297 , 1.5593328141350087 , -0.1869792840507841 , 0
-0.4032700309562332 , -0.27484662406903754 , -0.6654027318309819 , 0.10301158957911556 , -1.4129326078319306 , -1.032665302108157 , 1
-0.5554495113499436 , -1.008065653586855 , -0.003922003776770625 , 0.2843772581833182 , -0.7765154143055719 , -1.3813413889583803 , 1
2.7261165079626895 , 1.2222372267620494 , 0.6416659457285244 , -0.9873529870088091 , 1.241713992877611 , 1.3342177585983492 , 1
-0.4667755882557941 , -0.30793587149675744 , -0.5137343325529475 , 0.053223330455075206 , 0.9943707633947441 , -0.4660683280707013 , 0
0.3465443326040217 , 0.6782997532460077 , 2.1321638080088587 , -1.4098263900072572 , 1.1904036405255864 , -1.0261084761571357 , 1
0.3966041368252681 , 0.44597620529117127 , 0.6908027651040877 , -1.6938394718352119 , 1.0191507460473133 , -1.0095890450127765 , 1
0.5766011794552308 , -0.42839120919638024 , 1.8412609535658297 , -0.29749018810517225 , -0.6820446205777907 , 1.2616861301590319 , 1
1.3507935128254038 , 0.6635462857463731 , 0.22699610961579478 , -0.08068014260486582 , 1.1134699880595145 , 1.088759994764314 , 1
-1.9653728602241654 , 1.0898540466781916 , 1.0374161923712022 , -0.6287027687989373 , 1.0310704728733195 , 1.1798639735419918 , 1
1.1623275114745335 , 1.0429544906029635 , 0.6333790005053799 , 1.2602638513023956 , 0.4875114734509846 , -1.189261924444116 , 0
-3.0378295721746027 , -0.08768705902507361 , 0.34929191009408606 , -1.1336676622341013 , -1.4656474439262634 , -1.3274143766930033 , 1
-0.8305303548017575 , 1.0616376118752429 , -1.6019265795106492 , 0.5675689042976677 , -0.024038398563686236 , 0.9083610283749025 , 0
-1.2031752932910666 , -0.2732260791343576 , -1.8580468202659175 , 1.8428323024660838 , -0.5501227374555427 , 0.8733332823999882 , 0
2.0822375995539977 , -2.0022785313342135 , -1.3156913534511483 , 0.7485267118124217 , 1.3587789491126325 , 0.26306495720212825 , 0
-0.49054840145589335 , 0.011288546039775282 , 1.4138716771396633 , -0.4176569926393829 , 1.4432878219804586 , -1.679578842280404 , 1
-1.180642417972283 , 1.161198135712883 , 1.8807785483996915 , -0.15201934124296584 , 0.5063864863310279 , 1.0785180189336707 , 1
0.9794362203255983 , 0.32759100014209047 , 0.9336087585560552 , -0.7808177404572341 , 1.7075165765622304 , 1.0638252417396417 , 1
-0.937886819959781 , 0.9407484504601468 , 0.9995379347743573 , -0.724497807556517 , -0.8541898211648185 , -1.3977012356782847 , 1
0.8878693630349386 , -0.9875945784744876 , -1.2688232256400007 , 2.10154287222154 , 0.035014534896976 , -1.2823271760820707 , 0
1.8758259357761258 , 0.13148233509260485 , 0.08118987489345358 , -0.33222227612467115 , -0.7749859796574006 , 0.8617308376244524 , 1
1.5685026794467423 , 0.6215135828902 , -0.10885265982230516 , -1.5244242432329398 , 1.3119959367723801 , -0.5943091549477144 , 1
-0.18869438529751398 , -0.8802962824134716 , -0.5255118675359225 , 0.6033132290912502 , 0.7366293010991009 , 0.6775366144128636 , 0
0.46458358184403165 , -1.0308558803165453 , -1.1487018301756589 , 1.4172683935215624 , -1.1658137075993054 , -0.44994324884889697 , 0
-0.4671266004569213 , 0.12002141499756988 , -0.920264255784975 , -2.3737573474757703 , 1.15136374700927 , 1.0803782333901595 , 1
-0.3254982471173314 , 1.4329880694712027 , 0.2079900235844875 , -0.8664124069859133 , 1.1272532129835071 , -1.3272562622326272 , 1
-0.9455537328299651 , 0.9949363185463446 , 0.12642992670165817 , -0.756101348473145 , 1.2765193992901176 , 0.930852147544878 , 1
-0.28587816250388665 , -0.06688586354481361 , 0.8119791964124735 , -1.4022756218678252 , 0.7117592131669598 , 0.7613406984861147 , 1
-0.09477218023372788 , 1.9381816643396823 , -0.8760283427024113 , -0.3691690422947815 , 0.8443241124324571 , 0.011445258568850878 , 0
-0.43618135026949106 , -0.8012677013278304 , 0.7501934881253058 , -0.16080316755355506 , -0.6281740573590815 , -1.1332015077684294 , 1
-1.0915525485406294 , 1.7522760978566128 , -0.6384168924538249 , 1.2416514020584468 , -0.03936488563326225 , -0.667279285991874 , 0
-1.2684105548645919 , 1.4072993980266717 , 1.9044691059769299 , 1.9545401383706813 , -0.17048041809359732 , -0.5982639611290907 , 0
-0.3300780839182018 , -0.9676584065382409 , -0.15558636227032607 , 1.1103894224403654 , -1.6748852325849664 , -0.3693553410021046 , 0
-0.35098998767683753 , -0.006666384945606231 , 2.0056332321298336 , -1.1389638811838076 , 1.34535670495023 , -1.393990413879572 , 1
-0.26650054330133705 , -3.531143477897593 , -0.16320828846046403 , 1.732828213664628 , -1.519607164974292 , 0.10676412225681109 , 0
-0.16384315353025783 , 1.3951146106979946 , -0.6095549559976676 , 1.1874331845683643 , -0.9579100558263859 , 0.14672251278439777 , 0
-0.13676072032996886 , 0.19888679202273943 , -1.1754854259575922 , -0.06576856978043992 , 0.06406138545674063 , 0.9503932324261953 , 0
1.8356467430750598 , -0.4913609605184863 , -0.5759093734845726 , -1.9171563206167546 , -1.193091095208474 , -0.9242797351919608 , 1
-0.4518193929301673 , 0.6235191753163456 , -0.12578741412655872 , -1.3601109750611964 , 1.2111241443000682 , -1.1714500385146995 , 1
1.063934475597088 , -0.5786664512132803 , -2.049006433263043 , 0.006894393570580367 , -0.058961262480898585 , -1.5018999724627344 , 0
-0.8282198884109786 , 1.397372969903143 , 0.4156162311806725 , 0.5442731925969718 , -0.3946304081402214 , -1.1953575407076968 , 0
-3.0251679941756815 , -0.19046150411676865 , 0.15709219218811019 , -1.3897199140881533 , 0.9786099063265643 , -1.043863718605955 , 1
0.7801924790092924 , -0.47548130552481765 , -0.42994569860521703 , -2.1385036783495806 , -0.8418630211852629 , -1.4624280579143911 , 1
-1.8151926460853165 , -2.7010381239237997 , -0.5274604312795711 , 1.3322256683920704 , 0.3131681422952487 , 1.0562679902216638 , 0
-0.5426674836175512 , -0.45062684448296286 , 0.7174041288945937 , 0.11681386735190906 , 0.6849427372124891 , 1.7323569409756459 , 1
-0.9725453980824883 , -1.0665083824595432 , -0.4512404970388135 , 1.6177139239102862 , 0.0964879945372259 , -1.597099532505452 , 0
0.7960816484488558 , -0.07242885286822895 , -1.4172621532847682 , 0.666886295663475 , -0.2499222252684933 , -0.8551367752055324 , 0
-0.24823100796620207 , 1.5430782683486093 , -0.14530922904384286 , -0.08131046113465393 , -0.2470070604140177 , 1.2090000123761933 , 0
0.35572045671679453 , -1.247231317308671 , -0.04535598078858999 , 1.5717449776334609 , -0.6111373571113337 , -0.08483523878720019 , 0
0.4780350712061898 , 0.3052156126656082 , 1.5982982210602172 , -1.1942370823997401 , 0.9876600260079839 , -0.8682237057403169 , 1
0.18484837919529334 , -1.5007972984340303 , -0.3879356736004058 , 0.2697831137985682 , -0.8244846074015565 , 0.2894434349748997 , 0
-0.2704994928529077 , 0.4669863643354795 , -1.7471443354843488 , -0.2708114871095424 , 1.2775254109562353 , -0.23330147260497985 , 0
-0.4489781064918278 , -0.09539554964691498 , -0.8879315898418326 , -0.02094978858003283 , 0.15056403783470348 , 1.134025022853048 , 0
0.8539288074546204 , 0.8614320469557678 , 1.671416574718869 , 0.4068667884280611 , -1.2915747431569213 , 0.8845936669657917 , 1
-1.275364167403491 , -2.539059934178694 , -1.7973406505856409 , 0.5894766561968691 , -1.0601903160792538 , -0.22019783046812805 , 0
-0.8802934109268243 , -0.8112521995385571 , 1.0353390226362236 , -1.2381358671368778 , 1.3678143497683475 , 0.6263245231405206 , 1
-0.7663786016218248 , 0.2772690104202573 , -2.0848546756555737 , 1.5825555982112782 , 1.0607875394201143 , 0.247596004248829 , 0
-0.640128126454229 , -0.4858255256287913 , -0.45667009287508264 , 1.1066059408981697 , 1.418603230959996 , -0.41161904164523544 , 0
0.6622914623480131 , 0.16859334181031727 , 0.09358993713829324 , 0.2641332783333696 , -0.4838699098451108 , 1.3235830406941542 , 0
0.46564047419250276 , 0.4104550291724216 , 0.682930873763971 , -0.3156592532033582 , 1.3723995079938984 , 0.9661239031741418 , 1
0.23495187583730906 , -0.6894415931796729 , 0.6253521202921124 , -0.4120626068607362 , -1.2172242976610816 , 0.9607719559505971 , 1
-0.05946287914133873 , 1.8085903752617403 , -1.7010371966180466 , 1.8659321449407964 , -0.1613050221139914 , -0.7467572090452783 , 0
-0.5872861795768787 , -0.19787691782006284 , 1.2111787320337863 , -2.2455536187168508 , -0.723654788933989 , 1.581319597398757 , 1
-0.3066776810336153 , -1.883763469905109 , -1.5487866448751162 , 0.7790139481757546 , 0.4494998900059377 , 1.4108847264731954 , 0
1.1688861122139313 , 1.7108832085809607 , 0.17328095351037281 , 2.5339532072928934 , 1.4059119308962498 , 0.42569740325466915 , 0
-0.22931406859329537 , 1.4708222496197865 , 2.1556237740693325 , -1.2821465887388586 , 0.6329407572178886 , -0.8214150018685431 , 1
1.260834277144715 , 0.7778192181837313 , -0.0513247695011164 , -0.21215464602510636 , 1.3179229873540392 , 0.70284075216393 , 1
-0.27577286038123566 , 0.13025102283918877 , 0.9664540936734761 , -0.5398919969877397 , 1.1652413567446451 , 0.8080475933294159 , 1
1.129544066159417 , -1.423672274304526 , -0.1415956077380451 , 0.43083713125123707 , -0.019201580900925393 , 0.8723099101531905 , 0
0.16257915508979867 , 0.029860794716688243 , -0.6385568929941853 , 0.9048763117955941 , 1.7655457732935471 , 0.15890901627194592 , 0
1.0110726795212968 , 0.19944455233216798 , -2.1720489364976716 , -0.08653546348335706 , 1.3601189336313089 , -0.11390252537713362 , 0
0.43732615196014035 , 0.41822731105490385 , 1.7814745314618896 , 0.4641962285756977 , 1.2643223532762027 , 1.465370592581652 , 1
0.6181329918958607 , 0.4693114681371616 , 1.8058504240951776 , -0.710312344482713 , 1.2244610947484584 , 1.1819124294911305 , 1
-0.4793138569808539 , 0.329247855403678 , -0.5241422062001392 , 1.0793594443420182 , 0.4461466087668489 , 0.9518313061344825 , 0
-1.154406737203642 , 0.35693934815796935 , -0.5687702578496334 , -1.1462514945673965 , 1.034594310539983 , 1.2402655256817112 , 1
0.17316115602173693 , 0.04298519311974206 , -1.9973374446932104 , 0.7724735141220855 , 0.30049824880872855 , -1.2852572561341782 , 0
1.1351230456515484 , -1.7847582190367053 , 0.5633331393428952 , -1.0111959609128962 , -1.235220344485895 , -0.8929749404075776 , 1
-1.009117722905093 , -0.2575207991016759 , -1.7644520370092427 , 0.16361579185573233 , -0.16990826756921978 , -0.9567717321295676 , 0
-1.5226274663348593 , 0.5904804607760848 , 0.9648712345656969 , -0.32779653971502093 , 0.715204759105546 , 0.8605973098745544 , 1
-1.0969374574126853 , -1.0701314171114067 , -0.8758116850556275 , 0.1360550666149099 , -0.02448528146237731 , 1.0859230150526011 , 0
0.38562105332007146 , -0.5549989281288523 , -1.2153295955393852 , 0.5565452116741054 , -0.10536367256921782 , -1.0008008785373046 , 0
-0.6020793918814423 , 0.33543348705266396 , -1.4421669151055485 , 0.7678026024340071 , -0.18998438711722426 , -1.1699483108077315 , 0
-0.03717964794806464 , 0.005113077841518404 , 1.407363099773291 , -0.461830396050481 , 1.269764111047715 , -0.6065691365281672 , 1
3.036143694739369 , -0.03561394091659393 , 0.2843396457958273 , -0.45031149457947084 , -0.9563370826404826 , -0.9672439002486861 , 1
0.1483140297825833 , -0.33302764902356036 , -0.009946026746221264 , 2.453843367992383 , -1.3947131530126258 , -0.10990849635145221 , 0
1.0492978421871322 , -0.01465773467436852 , 0.016115751374554493 , -1.3491214898186656 , 1.3507360903385959 , 1.540892660865571 , 1
-1.9176745188874704 , -0.06692675294627648 , 0.3763630622951514 , -0.7604661026053047 , -1.0473593562379724 , -1.1247057250292032 , 1
-1.0425494141048388 , 1.436835605550421 , 0.17983951283042288 , 0.5371800786332261 , -0.8513313038166144 , -1.0152109835649183 , 1
-1.4897863852937647 , 0.48510605214058317 , 1.5672155300486188 , -0.013260173972093918 , -0.5126423916589752 , 0.9311266125550667 , 1
-0.30458615330868405 , -3.3075678430238145 , -0.9630319077493747 , 1.6212831253346422 , 0.846722316147157 , 0.04111557201493293 , 0
-1.0225299257444482 , 0.7359132045735303 , 0.7781564146426682 , 0.6728238738949045 , 1.1523514416754423 , 0.9078734215701972 , 0
0.4520452916225908 , 1.1579056377165264 , -0.22405880862704866 , -0.5861158543337784 , -1.8939172201633 , -0.7528917667947306 , 1
0.18318649346166474 , 0.35444728523454405 , -0.5953536002684122 , 1.7301021018976441 , -0.4893181829109245 , -1.13343613874301 , 0
1.2816395737492532 , -0.243009277808063 , 0.8670884585823662 , -1.0738244643349555 , -0.6369605137563813 , 1.3343584631306462 , 1
0.09677445010009596 , 1.5035596461771947 , -1.7697031773799803 , -0.3392211855944231 , 0.5079453945673832 , -1.365829882055068 , 0
0.582398756110939 , -0.7257512340689063 , -0.3453645512165595 , 0.9884037356419431 , -0.7410745844281118 , 0.45925697670000953 , 0
1.4544448697202166 , -0.38236202654020673 , 0.945316586362659 , 1.816799378511106 , -0.14050424589681593 , 0.7207140808284526 , 0
-0.13156946383250495 , 0.09385799011269047 , -1.8022345304380736 , 0.9464351564488886 , -0.23662929186735995 , -1.0053984460505754 , 0
1.3956941723728098 , 0.6580185139840747 , 1.4234057450025273 , -1.465582813866741 , -1.6504969322864795 , 1.263091913511097 , 1
0.7888668042138973 , -0.884065229080931 , -0.7570714207636773 , 0.6879448206535839 , -0.2292604751760564 , 0.9223714819308636 , 0
-0.28670295040791827 , 0.21937957810243644 , 0.5421840628350895 , -0.7623197770968112 , 0.6055031514480241 , 0.8919723479303351 , 1
-0.22918023322516629 , 0.3852121946196721 , -0.2751865624430732 , -0.6126523843272971 , 1.963658886070764 , 0.8964916771195024 , 1
1.3553861252676545 , -0.9597201313396737 , 0.8844194146999242 , 0.3039811945519141 , 1.0614916725158068 , -1.1393346010611867 , 1
-1.5631674281033439 , 0.7363030170728504 , -0.13341388032203857 , 2.721860677675801 , -0.9895143968829557 , 0.04295955228643054 , 0
0.3603784381653455 , -0.8079829265519286 , 0.5885526448736892 , -1.10427645732462 , -1.2284866197988653 , -0.9728053571171338 , 1
-2.0192063681166834 , -0.758146126637055 , 0.8702831072900831 , 0.12263871099100251 , 0.9962772824075301 , 1.2386144650973583 , 1
1.2449649077761047 , -1.63977246711288 , -2.72453633663881 , 0.9386327504996284 , -1.3806188130410622 , -0.023566671784843545 , 0
-1.3019619837649945 , 0.12393052385389433 , -2.171874335960905 , 0.4523085838788027 , -0.6635446921557292 , 0.32563643606951836 , 0
0.10100601225609143 , 0.4567072462354198 , -0.22315905291086294 , 0.25317405690450695 , 0.4307437175951364 , -1.264546701889679 , 0
0.04332068001998194 , -0.9766052452587196 , -0.6900813831663337 , 0.004412862650687246 , 0.7739728397337675 , -0.13176190002518223 , 0
1.9187000876494946 , -1.2857136589157139 , 1.7509521333859512 , -0.0731330052289907 , -0.671552529990436 , 2.374532333096152 , 1
0.1049515325880517 , 1.5467419202483093 , -0.09361673551251748 , -0.3649662116903648 , -0.7655806566241833 , 1.2820124768461243 , 1
0.020693894118811694 , 0.19440476042193855 , 0.4821351271716183 , -0.41653588508227296 , -1.0896210146560399 , 0.1402771653911149 , 1
1.2128051652395393 , 0.9272940956768636 , -0.10988407706793475 , 0.14152008569979072 , -0.287840127654794 , 1.0686262754417557 , 0
0.3442321376649122 , -1.3339710447159263 , -0.46276839215425164 , 0.2166394234605694 , 0.09357488508026048 , 1.1759850241087757 , 0
0.6436177188564856 , 0.3491236555180928 , -0.8487304910119465 , 0.7024838095794359 , -0.41326674518586504 , 1.4476206400582885 , 0
0.016481293345055843 , 1.8411534027189072 , -1.1361471217842243 , 0.608065296182551 , -1.1636396940389555 , 0.46526919400616257 , 0
0.39630867954286386 , 0.5075540488977068 , 0.9044683118972751 , -1.1851582407478658 , -1.5523647596308459 , 1.0071355852069221 , 1
-1.3369584886635648 , 0.48914014467227657 , 1.3481585248974017 , -1.4371910101207972 , -0.9012861337085426 , -1.1664649400034366 , 1
0.5727194565776189 , -0.10641839035659353 , -0.8986718966960574 , 1.0045720196588768 , 0.7913894301708435 , -0.4268192372026892 , 0
-0.2988425156471023 , -1.1014017364471689 , -0.8299517403073607 , 0.894071649381072 , 0.7406187556611226 , -0.30417014746746623 , 0
1.3062582712645052 , -0.3533478807344837 , -0.17771296352193672 , -1.2938463271972453 , -0.9283566912870459 , -1.7448429173347277 , 1
1.1763563086728885 , -1.2475144064878931 , 1.5490714446461147 , 0.4626279253834512 , -0.5870316046052838 , 0.8141654186384917 , 1
-0.4010409478206184 , -0.7783644326382603 , -0.7736025639741415 , 0.7922101861119706 , 0.6611750206968453 , 1.0647768997194613 , 0
-0.42745228393893836 , -2.4307010751880447 , 0.5601059474574964 , 1.4880708703498062 , 1.5083617567984018 , 0.49222972293842654 , 0
0.183318129855748 , 1.1290614840548103 , 0.060795907987706545 , 0.17607382848531003 , -0.22514414666617016 , 1.0445479001943316 , 0
0.03961181841126991 , -0.18831364714504445 , 0.12192145118860855 , 1.3707976359677156 , -0.547287226074494 , 0.8475964018525565 , 0
-0.4688069611553544 , 0.21608718966452314 , -0.47423228226491115 , 0.5549028026912688 , 1.5997515230017068 , 0.50880425147832 , 0
0.3487333348271318 , 0.6151325941989084 , 0.5189357805469825 , -0.6017896212322769 , 1.4275710982253962 , 1.3839524836364836 , 1
0.6929166226127106 , 1.688908728028294 , -1.1103100340806642 , 0.5844389915445923 , 0.17458975809965635 , -1.0312210155641452 , 0
1.5613333718211237 , -0.08182210396119748 , 1.2393942275535312 , 0.43318980371855387 , 0.963155304913851 , 1.1098049624554405 , 1
0.8058624977591846 , 0.9036068107412084 , 0.3128320429326625 , 0.6966525599827748 , 0.82059803423722 , -0.13256439148223473 , 0
-0.028780482855988047 , -0.49071547908763746 , -0.7603174071742053 , 0.15209300521136584 , -0.5052057843327585 , -0.2893934561718877 , 0
1.2289584409747898 , -0.3330905937885088 , 0.5827817415877785 , -0.35537384830713076 , -0.5946338103815749 , -1.1362234105176277 , 1
-0.19542334797125732 , 0.7233700534187826 , -0.24520991979142573 , -0.6924253630292831 , -0.2946560501824729 , 0.529231296298447 , 0
0.9772692161448876 , -1.2195662754352576 , -0.22247919686598747 , 1.3325419387724704 , -1.2656644394091596 , 0.16312795989624007 , 0
-0.17547091826770095 , 0.11214100186839063 , -0.5261387002797197 , 0.2699399293241657 , 0.387135241488996 , 0.7579346460217963 , 0
-0.5572357406467107 , 1.6440866162864896 , -1.4788007347605427 , 1.9759311757720297 , -0.7345735036634401 , -0.005504352904865322 , 0
1.5341964487867403 , 0.41352894562362574 , 0.29642956869455156 , -0.6928127423350042 , -0.8995640476394495 , -1.1006428919671947 , 1
-0.47808388234949145 , 0.46147379531178395 , 0.19346416142596917 , -0.04520775626287312 , 0.9905824387310964 , 1.1157391083756694 , 1
-0.46017533331504873 , -0.47207040131796674 , 0.21725814411510116 , 0.3704386450392232 , -0.9815046168446342 , -1.0665301679929622 , 1
0.30646752760110807 , 0.07395283451115253 , -0.822770214927796 , 0.5523922959792511 , 0.23293338922407647 , 0.7946245132032461 , 0
0.5730967352270898 , -0.4063636840664406 , -0.93757944056347 , 0.7381516736974254 , 1.0421016521751965 , -0.24999263447137496 , 0
-0.7461273518487453 , 2.332279377845188 , 0.949510184083086 , 1.5501664653750509 , 0.4703228567504716 , -0.2631552241989163 , 0
-0.7070114042626254 , -0.738172280285643 , -0.5053305174562335 , 2.0526118401895634 , 0.433327860923061 , 1.2200639494338834 , 0
0.1277068195677993 , 1.3908672482329882 , -0.9348972255437394 , 0.6279997703596835 , -0.17056896854587547 , 1.29229605032521 , 0
-0.8193857290919336 , -0.598024651746955 , 0.8388097990925684 , 0.02704616615778388 , 1.3507910794208355 , 0.9029792665499504 , 1
-1.1867407935997851 , 0.14179550915705635 , 1.966855617956199 , -0.20686160888406296 , -0.9303520058167088 , 1.147780232157697 , 1
0.741641250882812 , -0.09869305313977356 , 0.107951938876456 , -1.0373546463058654 , -1.5424886732519356 , -1.0664778796475491 , 1
0.031300832592678636 , 0.6036336738874146 , -0.062202454326863874 , 0.4600570830686783 , 0.7112809851186366 , 0.9382589193658533 , 0
-0.06389427806193762 , -0.714237411746158 , -1.711719160349408 , 1.0025734643674913 , 0.4943536592968124 , -0.1925182669507361 , 0
-0.19098807466570508 , 0.7474999358929568 , 1.02561749360285 , -0.6341195892246506 , -0.9716555656488899 , 1.3312357897449143 , 1
-1.3451275129916946 , 0.6092085840149548 , 1.0489740525939832 , -0.6049959312229364 , -1.247501151808137 , 0.6000035407508171 , 1
0.6050209077245274 , -1.994886421788278 , 0.4572609236328762 , -0.5863243191015763 , 0.4628147556676994 , -0.969869839780052 , 0
-1.8540438492000348 , 1.1342390263063138 , 1.609457343970521 , -1.2313885382842193 , -0.832670697764727 , 0.42558898182912686 , 1
0.4335293979907301 , -1.1096986262499176 , 1.1019898604063019 , 0.8140948611769173 , -1.3484128871909111 , -1.2372298263631154 , 1
0.3487136720319218 , 0.5882266124548442 , -1.541855575261367 , 0.3713840928486564 , -0.18097877784978186 , -0.8513958124247122 , 0
-0.4063881928272226 , 0.6000356252075052 , -0.5116196650498888 , 1.221028496081509 , 1.0818137476253522 , 0.5287585352438479 , 0
-1.4942723717348525 , 0.6445179255451683 , -0.008882954394373645 , -0.7793018652351268 , 1.3176012280888088 , 1.4199448206433374 , 1
-0.08288647683878393 , 0.4768711235222312 , 2.345733743387212 , 0.1487153021258667 , 0.76096853947592 , -1.1790826609718859 , 1
0.9299146716529186 , 0.2766896844109066 , -1.1693167617901619 , -0.7124049997466712 , -1.043734012454197 , 0.8128921403832406 , 1
-2.4973889538213077 , 0.46588189309178873 , 0.3630480173479126 , -0.6965911722470279 , 1.1583900605819222 , 1.0607635058804223 , 1
1.1713205901286858 , 0.7249618869383947 , -1.2429443952465162 , 0.8806352447062455 , 1.0793575637261075 , 0.29802278279562916 , 0
0.07969648786689447 , 2.1668734509918126 , 0.93101957187095 , 1.7307164740003242 , 0.8533299465559749 , -0.18663556294553837 , 0
-1.8039578171023836 , -0.6088257955862107 , -0.051065898761227906 , -0.2455135358355764 , 0.9854146290595507 , -1.2477753040018074 , 1
0.05831017548724639 , 1.168358498190139 , -1.4273149011399744 , 1.1910732931209638 , 1.0979855240938612 , 0.060587198015039694 , 0
0.10827931336707648 , 0.09686767910618914 , -1.8005979430520083 , 0.2143011273915158 , 0.3213939323818101 , -1.1740899063133843 , 0
0.5852228930633858 , 1.0184228214308084 , -1.3756286281122294 , 1.9554818251228343 , 1.603396875511932 , -0.19242839110885593 , 0
0.6746070786874753 , -0.9050666022817199 , 0.43101543560319355 , -0.6670024648442148 , 0.007573710091752425 , -1.1816550038328395 , 0
0.15106917999142255 , 0.65192244995884 , -0.16005204682329938 , -0.5920254824122082 , 0.7877895941331463 , 1.0694030698831327 , 1
-1.421640025076585 , 0.5264956507349494 , 0.7121738260994984 , -0.7491423330799795 , -1.0059502120629575 , 0.8970339644243636 , 1
1.3361472253331046 , -0.10822513368143473 , 1.0829811400223484 , -0.34819929467296074 , 1.2393581672294445 , -1.5475836490372705 , 1
1.1696652196142752 , -2.079593736989142 , 0.051886759548637494 , -0.6859918545848033 , 0.7851642085112791 , 1.2480316905581146 , 1
0.3810798232771999 , -0.5609939868387888 , -1.860389041286254 , 0.8711675475571632 , -0.7646697024428754 , -0.3215698527470334 , 0
0.6357190067654773 , 1.9817009546008844 , -1.3479668182220144 , -0.6064854448248258 , 0.24097814712794183 , -0.008066609392915057 , 0
-0.24257881343927654 , -0.32641106811028436 , -0.5647752496069586 , 0.5651239098207367 , 0.3752812347856477 , -0.9091786852502861 , 0
0.8366998637484195 , -2.8160688698722325 , -0.8538026983848448 , 0.321098964060841 , 1.0872197660968217 , 0.17493593862200035 , 0
-0.5112114083356434 , 0.7498641322375009 , 1.0467679098907223 , 0.03070688625396211 , -1.4093186020899888 , -0.7683661114361612 , 1
-0.3544220654965804 , -0.2128838793965329 , -0.9297716795597747 , 0.33982292941575937 , 1.1008766455267363 , -0.03682673138316749 , 0
0.9424552342804704 , -0.16068027187203993 , 0.690682499878809 , -0.7814666922075462 , -1.4622390590214376 , 0.9592920148721223 , 1
-0.15121552197985444 , 1.435818303836695 , -1.6714304053586886 , 1.3692941896527144 , 1.413461721523962 , -0.2709774651225969 , 0
0.6688759678164629 , -0.19547941369266286 , 0.02495441251036074 , -1.2528078465842243 , -0.7696832237616723 , 0.8817690979061108 , 1
0.3710020966873545 , 3.615017330365926 , 0.25086732022522246 , 1.5994509143643583 , 0.11531919166544664 , -1.1760439006501868 , 0
-0.25723825638618575 , -0.323324465000785 , 1.401648745322198 , -0.7714061477714294 , -1.155777891041509 , -1.549507299282835 , 1
-0.2097228737672202 , 0.6373708664599779 , -1.2520083729164209 , 0.8822055373012115 , 0.2980955562402882 , 1.339215664166719 , 0
-0.9022284620067127 , 0.519799175521386 , -0.33966227480132816 , -0.6131199238810342 , -0.6859079553196163 , -0.18349336709524974 , 1
-1.3616059097767992 , 2.2090778130875797 , -1.1767182388234783 , 0.05938814762384591 , -0.8012911357337695 , 0.6247089166400098 , 0
1.3840109877117552 , -0.28270845399974287 , 1.2393761449989942 , 0.12001343589965703 , -1.1484104504884853 , -1.0675169411016596 , 1
1.239525903530192 , -0.5782520230837143 , 0.5624490829435417 , -1.7291385352567297 , 0.7727231022335522 , 0.7865685305499396 , 1
-0.8942133195534641 , -0.15999022102975904 , -0.5316278267477422 , 0.831153021450626 , 0.3571606448375249 , 0.16498910744233053 , 0
0.17737434087496748 , 1.1114771727528907 , 0.1272903405598913 , 1.7660489943460465 , 1.1572723850998115 , 0.5391964546806777 , 0
1.3416914072672435 , -1.018126568450199 , 0.39894944315404995 , 0.2239174252506864 , -1.0980906448173982 , -0.10818608626022042 , 0
0.6763432958025493 , 0.34656872601643857 , 0.9110138563541437 , -0.6155620548586933 , 1.5249522729322804 , 1.4144335938627561 , 1
1.5371283616102394 , -0.25844835322585286 , 0.8281833440323879 , 0.4779242184794514 , -1.2112521718305753 , 1.6103096757378257 , 1
1.76108760489322 , -0.9925545789796444 , -1.1677295319433785 , 1.5307695904873175 , -0.7653143227469975 , 0.1593561084638595 , 0
-1.4038022889690052 , 0.08621687683108056 , -0.7258857508057546 , -0.3387939840177384 , -0.3285146134549887 , 1.238167971188149 , 0
-2.2356552395751574 , 0.3935392824774519 , 0.992292322311869 , -0.607971056420727 , -0.8293670930191607 , -1.53850758408384 , 1
-0.6409479384835153 , 0.4010089037249765 , 0.34094338792176926 , -0.23485424783705047 , 0.9599092541809586 , 0.8608084525217018 , 1
0.3486313607759164 , 0.7177034127103619 , 1.1515016013252617 , -0.6296572743835606 , 0.8284548091757526 , 1.3191284325171913 , 1
-1.9194646450201829 , 0.20393174335206138 , 2.5180312077599982 , 0.2500302794945431 , 1.6930231480828148 , -1.0289853243175289 , 1
-0.9937641557163496 , -0.6919116440136189 , 1.2829989133681863 , -1.1056385769149146 , 1.6539267685921333 , 1.3339466572017362 , 1
0.5974023960752536 , -0.9916474794097296 , 0.6516047214542574 , -0.07332993482055394 , -0.6799051207041741 , 1.3028947406580724 , 1
0.7550666233274017 , 0.8807080715551165 , 0.03036843118537129 , 1.2131020021662977 , -0.6920677833648013 , -0.23002691406112835 , 0
-3.2907180007441044 , -0.1318183351681467 , 0.5750179395149441 , -1.3203659982730778 , 1.2211645454032125 , 0.5158476356315693 , 1
-1.4229521920590782 , 0.2600087720066288 , 1.2702530449338032 , -1.4448782250989938 , -1.2543978829802829 , 1.0785991160452257 , 1
-2.204641154787642 , 0.7045885946773996 , 0.4638657237095527 , -1.4801678632029354 , -1.0632786775658039 , -1.2484119519034265 , 1
-2.0891016658128327 , -0.6556378218981537 , 1.3057072281423254 , -1.127508751657385 , -1.3694979787882147 , -1.4067512717203052 , 1
0.8314810812322745 , -0.7512170964979428 , 0.9432361654969367 , 0.384387592923011 , 0.8354802419526323 , 1.3310719451792736 , 1
-0.20351714342113084 , 0.12239447961222229 , -0.21566523147567757 , 1.4022195597544178 , 0.6249433443438471 , -0.8327542194002013 , 0
-1.5293844933623628 , -0.7556432249606978 , 0.44176991104775926 , 0.03545013358048977 , -1.1471815430654189 , -1.042216636138314 , 1
0.29943623080411025 , -1.6257678104569526 , -1.295982650701598 , 0.3610024188634189 , -1.0239125103975641 , 0.17061265816636148 , 0
-2.9449367878207586 , 0.46572781447339173 , 1.0900967033854185 , -0.7555324922732856 , 0.7559524199947777 , 1.1100480083164015 , 1
1.253253284727891 , 0.47516327739733505 , 0.9629488027946753 , -0.694025446218527 , 1.5545557927232903 , 0.9223073343671645 , 1
1.3951040733226097 , -0.26621220341564367 , -0.9974034331565425 , 0.8121789994491182 , 1.0952825939534674 , 0.3194572327827878 , 0
1.0039881856044675 , 0.6757012339402896 , 0.0175222151379587 , 1.5204094116427884 , 1.2198984604378937 , -0.2502859763616661 , 0
-0.37777819763048254 , -0.7507442520771926 , 1.2195402686779837 , -0.5015851486484667 , -1.4615232795061712 , 0.30565268212533975 , 1
0.22934772971915335 , -0.07342981871119941 , -0.9484144788895046 , 1.2554377906821634 , -0.5239277191804986 , -1.069528841988795 , 0
1.5458503063403386 , 0.7818318829009254 , 1.4459147103995602 , -0.0411241946792336 , -1.7301043519962707 , 1.4792106728289607 , 1
0.3963748843402422 , 0.7881015166469003 , 1.3717153299844818 , 1.0639849474715004 , -0.962493925302073 , -0.9359986256350586 , 1
0.18386711449379642 , -0.3686787097673732 , 0.4233848760889338 , 1.8070504216201022 , 0.8492056634721016 , -0.13131012913924908 , 0
-0.3737132898059703 , 1.4819513583421247 , 0.000259312134820678 , -0.9718638018280396 , 0.5477089943978065 , 0.7747704894115485 , 0
3.209287394668735 , -0.8033577419825243 , 1.3906777734542217 , -1.4914487961173268 , 1.197964334264389 , 0.7204655139460896 , 1
-0.3591212738320757 , -1.9437228287060346 , -1.5064051778494274 , -0.10483422017819806 , 0.3824385205815791 , -0.9665514436395823 , 0
-0.23330273284720407 , 0.4748686821276463 , -1.0363071200710958 , -0.07941298454964726 , 0.9836139489171893 , -0.4932707770541329 , 0
0.43103998120692094 , -0.3450159166954066 , -0.17533388167017072 , -0.9017462643460648 , 1.9445632731124882 , -0.9557478719878488 , 1
0.588320925783783 , -0.9362292416666557 , -0.008534816002746758 , -0.8921905159032673 , -0.62475058534555 , 0.9363523533939871 , 1
-1.1237937634949275 , -0.2630793343464974 , 0.3171260536808923 , 1.1247160667066725 , -0.38769591801853004 , -0.7934953152206288 , 0
-1.126873631206199 , 0.8787279361389442 , -0.17136977112662002 , -1.6209174224714364 , -0.5499459567846805 , 1.0778688206152431 , 1
0.16264458240880753 , 1.0969391218246616 , -1.3268418901540326 , 0.6364087842998679 , 0.05166698265480122 , -1.0953896354934691 , 0
-0.9385117689329951 , -1.36809051298579 , 1.0227837479783564 , -1.2404338688851242 , -0.7955096477788222 , -1.0709656858394916 , 1
0.844583873934407 , 0.14018752997359413 , -0.08752816862918592 , 0.12983334144710065 , 1.226944807691477 , -0.1693599097899751 , 0
-0.0647840690018437 , 0.6885840211620231 , -0.4391401017625136 , 0.8687373788188362 , 1.1628403872041495 , -0.020228535980941632 , 0
2.1589548973959496 , -0.1127323266086612 , 0.38653023833056743 , -0.8273767473699425 , 1.3775993233761146 , -1.5197139241267772 , 1
0.29702362439847424 , -0.25412942513799947 , -1.374646939207943 , 0.07294475150232585 , 0.034958387141227815 , -1.6829313643204789 , 0
-0.3670999384598185 , 2.0173092853729955 , -1.6152015055656848 , 1.1021503472499747 , -1.378716256957084 , 0.08913948828434987 , 0
-0.4854176005881018 , -1.067048437752584 , -0.13498374103638314 , -0.7262438047160887 , 1.1334030516012097 , -0.30440241237631754 , 1
-0.32959705416964996 , -0.5101821707795945 , -1.4725701013947932 , 2.0170507613780715 , 0.2832647525937803 , 1.4680919090405269 , 0
1.2056160152515085 , 0.1270563009221489 , 0.7821893358842698 , 1.3110133804248412 , 1.0467100331586934 , -0.4808058757117373 , 0
1.3462684863743684 , -0.046167138690886546 , 0.9482981978163736 , -0.22082614394101283 , -1.08282911517265 , -0.9806912292425201 , 1
-0.48270642571174077 , -1.5878783705162118 , -0.796094877478072 , 1.0362983722898296 , 0.22765405767402364 , 0.8420841255201365 , 0
-2.44307907333807 , 1.0429037409565682 , -0.19875130740904576 , -0.30325610058204516 , -1.1150362795862476 , 0.9193255408614364 , 1
-2.1555561190534664 , -0.7768554993980661 , 0.6935446838609388 , -1.442144835241121 , 1.0063540048193977 , 0.8035826961215471 , 1
-0.5503489061997969 , 0.14506269356193405 , -1.5769229945607481 , -0.09966215340395233 , 0.8370772319997175 , 0.011453103409452695 , 0
-0.4216428898210685 , -0.2839702693050666 , -1.8754472615327622 , 0.8425858958540251 , -1.2987823580260147 , -0.03289131078001679 , 0
-2.330440836266751 , 0.14607668910943622 , -0.03238906311807001 , -1.116274363951222 , -1.0593929601066245 , 1.5211251483607136 , 1
-0.1984180028419202 , 0.7875216135299645 , 0.6266311073449778 , -1.4397714285343377 , -1.0684023499477802 , 1.019369706320422 , 1
0.14676681559314206 , 1.604564716071598 , 1.2653047244595712 , -1.3620453884529435 , -0.8213292821377864 , -0.9449374313487435 , 1
-0.0637184329282961 , 1.084883699193625 , -1.7550193149489004 , -0.21161806006975747 , 0.5603076402298068 , -1.222105231110156 , 0
-0.1933352435025025 , -1.1346334424868663 , 0.7159373672912902 , 0.6589282933116584 , 0.22892130708638772 , 1.356345159428075 , 0
-0.390657053177322 , 1.5708490769069183 , 0.35862987801945917 , -0.018867303439360557 , 1.3503843774277142 , -1.2205654681825464 , 1
0.1867105953883707 , -0.4176808106540825 , -0.6065145715410443 , 1.151890259891892 , -1.323461272923003 , -0.36810736184245185 , 0
0.4495698896366898 , -0.10559573837439816 , 0.5950939596521726 , -0.5899257342669862 , -1.763968054697322 , 1.2883455140458258 , 1
0.35037977116111485 , -0.9032523720019647 , -0.6235317868325544 , 1.2977190916182684 , 0.30767692258290597 , 0.9632821768476126 , 0
1.526619947899476 , 0.8481998695667196 , -2.1863181049281595 , -0.19647986772619716 , -1.0448281292831902 , -0.36895081947547986 , 0
-0.7797268849285989 , -2.313888472704959 , -1.1097058806066964 , 1.7202533077912294 , 0.005882617385142974 , -0.57525790840083 , 0
-0.5022329516944418 , 1.386768764469897 , 0.009004797484597727 , 0.4453905532989558 , -1.3841003985027334 , -0.1913683225239686 , 0
-0.6541263830829032 , -0.8358758348406485 , 1.2103877617178072 , -0.18332663650564465 , -1.3244481490385316 , -1.0980592399238551 , 1
0.5203337641323337 , -0.03988882613487063 , -1.1828898557724812 , -0.6978529529020715 , -0.001203032824983527 , 1.0863208604533727 , 0
-1.3423974181256975 , -0.14070637499296865 , -1.3419426474616807 , 0.7201769937888012 , 0.1449323197251019 , -1.405570219676679 , 0
0.27243746352173026 , 0.03736850846540026 , 0.7821251273470039 , -0.12865753297806595 , -0.3401076609015149 , -2.01298400102455 , 0
-1.1251184750751495 , -0.56208003510959 , 1.4916959985717695 , -1.302176814489538 , 1.0777571716572025 , -1.281524317622056 , 1
3.9120785288717004 , 0.48915087708236027 , 1.0077572541475948 , -0.6369312545025291 , -0.9991796423391135 , -0.7997051597305801 , 1
1.3078944294363475 , -0.7278975653509827 , -1.3038760923562438 , 1.6486547533398284 , 0.760473979357081 , 0.01056670257481057 , 0
-0.9354985560207989 , 1.7835870348812315 , -0.7232323396750379 , 0.06436821470791117 , -0.18740086728214292 , -1.0449197022257528 , 0
1.3887251633961164 , -0.1529867376804926 , 0.2322252151288478 , -0.5464118516114409 , -1.4353936363268636 , -1.443177577665976 , 1
-1.3056743482845137 , 2.5196144627812838 , 0.3906224520792194 , -0.6617614195529709 , 1.0931798652250984 , -1.252823634884753 , 1
0.19462812917284447 , -0.38179084740899355 , 0.549545940959949 , -0.4407514821618475 , 0.2275615529964356 , -1.2404804143245514 , 0
0.4058217333320061 , 0.33167002799569234 , 0.0481158977627082 , -0.8728005870940505 , 1.1377424086715169 , 0.9925329435792972 , 1
-1.2414668893515874 , -0.9254984342335775 , -0.4520133576375416 , 0.5743008146602051 , -0.6195686580219614 , -1.1981719408129952 , 0
-1.158964472377294 , 1.6770354895651238 , 0.21280117406646626 , -0.21399939831717804 , -1.6115264977119381 , 0.7264624286662865 , 1
-1.8693337152443439 , 0.1068275423939591 , 0.27407581802544195 , -0.2332809503875133 , -1.3408264545298936 , -0.012783301452282384 , 0
0.42557672071684577 , 0.57999521228478 , 0.010186621549858485 , -0.8712988682389357 , -0.6127769257087369 , 0.8642418154308977 , 1
0.020861220393489692 , -0.6224341605946168 , -0.1927417167853306 , 1.538793792367264 , -0.9527372346019704 , -0.18350698024245485 , 0
-0.349769329861922 , -0.8940709502468476 , -1.228414862302088 , 0.42680942942468436 , -0.10815651215252312 , 1.1285310739764056 , 0
0.6168768334690192 , 0.34918681140829183 , -1.9878870611125585 , 0.8550103409774686 , -0.3928206857745988 , 0.9911606266010383 , 0
-0.11431501962101423 , -0.8187210184722397 , -1.4516150185612577 , 1.060196693361151 , -0.7213194717459731 , -0.11507895985032005 , 0
-1.0889000611910267 , -0.85645359419151 , 0.8249224697000107 , -0.1658456429760355 , -0.5172730563292017 , -1.0635569604797648 , 1
1.5130337854547162 , 0.0679992312964099 , 0.9477981347010023 , -1.2800025506910722 , 0.8139484819388068 , 1.45586048945581 , 1
0.31795836288465196 , -2.2245402096758173 , -0.3126379231733226 , 0.5721683264627031 , 1.0064645914329313 , 0.6972566220263817 , 0
-1.168174069452407 , -0.7998445730808608 , -1.59933288683977 , 0.682414844747854 , 0.4399585565924088 , -0.14637617162241456 , 0
0.49245512873536573 , 0.46120981661215055 , -0.21261597879563754 , -0.013937720813474302 , -0.11122814998929188 , -1.1094403076748904 , 0
-0.4259676680339928 , -0.0195835053085514 , 0.031191114226602323 , 1.1016669395490402 , 1.0771860809627556 , 0.4631242042349772 , 0
0.0744886516988961 , -1.1598229294323987 , -1.411493396391651 , 1.7005489546410764 , -1.1727272686810613 , 0.48888674011094996 , 0
0.005490471187526815 , 0.18926786933835363 , 1.0701519567147157 , 0.7291874106682045 , -1.286108205444097 , -1.207369903496782 , 1
1.6362945511339866 , -0.16019397109969338 , -0.1515141160518865 , 0.44266928346645346 , 1.1691329878498598 , -1.073664209800449 , 1
-0.1500435792157565 , 0.7002448399025509 , 0.563257821769121 , -0.2691057125063282 , -0.9254192879820543 , -1.7335298115342361 , 1
-0.6214936061399147 , 0.08945904831210211 , 1.5375021251137537 , -0.45148927425345337 , 0.9868326771571595 , -0.9385680666763089 , 1
1.0044297150922215 , 1.363728081928541 , 1.377065118658708 , -2.1947687361650123 , -1.3372596374230383 , -1.0131257440726988 , 1
2.1254672674153317 , -1.45407465533137 , -1.1647184684068745 , 0.2046951886966376 , -1.572564322089382 , 0.5867506247861909 , 1
-0.980953071971298 , -0.5771884780711782 , 0.05601221918218623 , 0.7910926865206227 , -0.9139788975855433 , 0.5117593580932185 , 0
-0.16196210277182643 , -0.8162426854650451 , 0.1863967936645424 , 0.8775606445879446 , -0.04837604966713395 , -0.8675751131326234 , 0
-0.2186581478401605 , 0.8086988449228907 , -1.3339182459671768 , 0.8128124696014627 , 0.2818916449857858 , -0.6021280474612725 , 0
0.6612345094982198 , 0.12943791348084363 , 0.19851939707094496 , -0.37420248805436895 , 0.5103917175905837 , -1.3433885991590881 , 1
-0.8753688467081497 , 0.2925135686100591 , 0.08749775848676933 , -0.5612246014487158 , 0.7995940411686016 , 0.5093747516654458 , 1
-0.7389298255235525 , -0.14382868360432713 , 0.20405347383073394 , -0.6946774058867167 , -0.9701303161680058 , 1.0524503766396642 , 1
1.119962998101178 , 0.36712055866767573 , 0.9458903742438836 , 0.25125661783000874 , 0.8843109840716928 , -0.786765282712995 , 1
-0.22422135320722025 , 1.2343138173045212 , 0.5250171539006757 , 0.6718505696625195 , 1.5744598288492675 , -1.1361072427860461 , 1
0.04854482948753092 , -1.0693374302923375 , 1.028946323525621 , -1.2845220910654302 , -1.144248577076576 , -1.2184311059930726 , 1
1.3404491857133225 , 0.9683076271813034 , -0.6460025870619447 , -1.0367725163093617 , 0.7624746514746924 , 0.894962723111177 , 1
-0.11565855670688471 , 0.6143338348111469 , -0.544363033632706 , 0.4530886056026688 , 1.7152438342071885 , -0.32019730566846605 , 0
0.487667943157055 , -0.2808767651256514 , -0.5625179844194854 , -0.4552948724699285 , -0.7763992364733698 , 0.3589955768867538 , 0
0.7577848566490555 , -0.9690679513300563 , -0.5193298667433278 , 0.0727020086940497 , -1.6580971240953826 , 0.7897217619556702 , 1
0.9975671834431792 , 0.10668135111850854 , 0.9454788519161578 , -2.665599228794494 , 1.5936248151881571 , -0.9643928955463908 , 1
-0.3347050780796294 , 0.9146572545089963 , -0.6599723810083834 , 0.640019578545542 , 1.257104520232071 , 0.19333300947466148 , 0
-1.6628236035023807 , 2.33002957977355 , 0.15125929707437727 , 0.8981384628348449 , 0.1673559159552412 , 1.0142679462482402 , 0
0.3548980104611367 , -0.3640461735817087 , 0.07968070190768614 , 0.1924306366369456 , -0.954270769529115 , -0.3636933111948259 , 0
0.4252698852101096 , -0.623654743317408 , 1.2684282350622458 , 0.2918986147767269 , -1.1067070551510254 , 1.0989937770114335 , 1
-0.07707190190592453 , 0.16242077013598544 , 0.4408609176035799 , -1.0065691638914873 , 1.117404356511083 , -1.0816648695664537 , 1
-0.5238636821180362 , 0.14185803965025418 , 0.6406494637642295 , -1.0209476280762257 , -0.870820910782142 , 0.9012746052028267 , 1
1.554696567750174 , 0.7249123720710248 , -0.11287289006589979 , -0.9583468534091703 , -1.2902122078021683 , 1.4989811123861805 , 1
0.5237021314584809 , -0.18726930977161782 , 0.7250549787043182 , -0.7295412782062756 , -0.7129027431378541 , -1.0951070488824173 , 1
-0.878304252167194 , 0.8735861596847219 , -0.1313835358589985 , 0.3692551123836461 , -0.7209472290963651 , 1.104518766176837 , 0
1.4011953029590651 , -0.7732241054098243 , -0.03611098678795725 , -0.6177743918093214 , 1.1011219838223598 , -1.749029702031953 , 1
-2.088489992805152 , -0.5022411185451897 , 1.9300444939563723 , 0.5627751094832096 , 2.205638350136598 , -0.5989303402653673 , 1
0.44045292874470493 , -1.8683044408342537 , -0.37629150531873634 , 0.7759752847422517 , -1.3483343119552411 , 0.01873634129189054 , 0
2.844014479624537 , 0.05514133750837792 , -0.11498171386193368 , 0.491679354658074 , 1.0618721969939564 , -0.7950220845397816 , 1
0.39389333120090914 , -0.443674738561981 , -0.5289314720645371 , 0.6735360966245056 , -0.1919255298766484 , 1.372491361931621 , 0
0.3244550986353661 , -0.12548782029521297 , -0.2166315770047506 , 0.7207016733521678 , -1.1272824953705023 , -1.2732042785808348 , 1
0.17511464160185877 , -0.5529856867879842 , 0.460362518633464 , -0.09805152166334619 , 0.7575595186599593 , -0.22455352010297774 , 0
1.6834454100129899 , -0.7281457102370471 , 0.722912302199962 , -0.058395415586723086 , 1.664169478285623 , -0.781744304141332 , 1
0.24365843557065867 , 0.886287126023624 , -1.405129017078343 , 1.4190747371032055 , 0.8492462633161391 , -0.16628028574167392 , 0
-1.2750882228544413 , 2.4369689416999347 , 1.3073943363902931 , -0.569740597278879 , -1.6033721963986505 , 0.4941700547288779 , 1
2.213162434231787 , 0.4597967019880338 , 1.0851480178093365 , -0.7247562429365336 , 1.1660082420415416 , 1.4717496652745563 , 1
0.7310093152592112 , -1.0625119445635975 , -0.3594844211019696 , 0.48866890737828006 , 1.1368954961225024 , 0.07452327105558464 , 0
0.635318047177883 , 0.47511175725345334 , -1.5436831955805017 , 0.01248283021282241 , -0.9885682040778891 , -0.6482696053965238 , 0
2.1593720369548293 , -0.6502664118731545 , 0.6930475135526314 , 0.1317374197738538 , 0.9739126486571663 , 0.8957768343722685 , 1
0.47307344946270796 , 0.9389142905047029 , 0.7056861407792692 , -2.1192350041072396 , 1.0672065123258043 , 0.8924764309599509 , 1
0.22157831800229796 , 0.5304456021294022 , 1.6819918081835854 , -1.8524502579598905 , -1.5546648891526587 , -1.3878126159404454 , 1
1.4904687059218416 , -0.8705217076740362 , 1.3196148250410893 , -0.6326131894508034 , 1.132058321980122 , -2.0308310276585444 , 1
-0.6484765118476407 , 0.2843979076994894 , 1.7568076840137594 , -1.0006424183501814 , 0.9269252835509204 , -0.8689595182725656 , 1
-1.64593430157218 , 1.8640287791347137 , -0.04022136868407442 , 1.9764082495192563 , -0.9055285215152729 , 0.09542368082713124 , 0
0.008472777155734542 , 0.3296759895916137 , 0.5771439687588966 , -1.6427002428826443 , 0.7842758033169461 , 1.4936715239164464 , 1
-0.513593071879413 , 0.9125477658153488 , 2.2967117815515126 , -1.73909813333951 , 1.364234613401863 , -0.8119067196945358 , 1
-0.5862229584814166 , 1.296218248061198 , -0.19475560176654402 , 0.5767212920507581 , -0.6999469999769078 , 1.1190177466053728 , 1
-1.6930414628484522 , -0.023098335632959804 , 0.7965806161538198 , -0.29266571813963166 , 1.2826850002147254 , 0.053811629532077375 , 1
-0.6496594684764796 , -0.23971154105332393 , -0.8241286984223688 , -0.2003484679493689 , 1.364756903922937 , 0.1644895776625993 , 0
0.7639320261839212 , -0.12245539809972304 , -1.2520463706258338 , 1.1297035711444896 , -1.0206417130071301 , 0.3230246303292718 , 0
-1.1503749238302496 , -0.65932308786899 , 1.384601223048967 , -1.4627421711240975 , 1.3212670251963528 , 1.0505058004659609 , 1
0.3706453896982635 , 0.10658418252142478 , -0.6860668737323088 , 0.28725901050492875 , -0.0470394823356449 , -1.0630856535129032 , 0
-1.678598219413716 , -1.260974001379258 , -1.2638924400748197 , 1.153728146451619 , -0.0841165583044572 , 1.3939611819748137 , 0
0.05074267407533582 , -1.284217999705744 , -0.9389714232115076 , 0.20029740750506042 , -0.06874313888127437 , -0.8735617175422316 , 0
1.8696466857255314 , -0.33682997383010205 , 1.2376617768247888 , -0.7877246527153362 , 0.8106541055123476 , -1.4961082266968497 , 1
-1.3260004836888692 , -1.2034414419358392 , -1.1872810334907566 , 0.6922868713058947 , -0.14392110385814383 , -1.5851153319201845 , 0
1.8322495786078379 , 0.4698100954663737 , 0.8228189340062516 , -0.61247606796766 , -0.9247851426831607 , 0.47406671237255216 , 1
-0.10302526529688952 , -1.200737692760103 , 0.2012761516536486 , 0.39722282634259276 , -1.137347130769845 , 0.2115292865708513 , 0
-0.6295538322726383 , 1.754794640401261 , -1.2392737570707573 , 1.0769659056030276 , -1.2068322969222176 , 0.23574952550494915 , 0
-0.6843090035687197 , -0.2660271680056446 , 0.5986640977933975 , -1.1126630876869659 , 0.8162643778318665 , 1.0806879212408294 , 1
-1.1645565036048904 , -0.43829162653309556 , 0.3589438283771615 , -0.03260857105347661 , -1.2183025532543497 , 1.0645696559666895 , 1
-0.48633330056068375 , 1.8236784706986175 , 0.8510261365576169 , -0.2670040413235838 , -0.5914870759457866 , 0.9581445865649839 , 1
-0.6770461034232929 , -1.0410956410515866 , 0.7380885510211213 , -1.909854545175802 , -0.9851698630429231 , -0.8485880204793069 , 1
0.8902513411538144 , 0.4411253437842507 , 0.2951816142543717 , -2.2802628832120764 , 1.4242012081221156 , -0.4941600367959724 , 1
0.3169860827470086 , 1.1621086797845805 , 0.27427853494679777 , 0.4194711021639721 , 0.2480226409418896 , 0.5538078293079892 , 0
-1.245146382437425 , 0.42840910432878787 , -0.04702159081035511 , -1.988256641741713 , -1.0466426430833813 , -0.8020633852485166 , 1
2.340637803775837 , -1.9615853954837614 , 0.051445498051069814 , -0.9694271410700501 , 1.3439693368857946 , -0.9740459576880229 , 1
3.679557165744864 , -0.039918176967155834 , 0.19130861315278652 , -0.7077502112853459 , 1.6648871634507398 , 0.927109238048039 , 1
-0.05012615569874251 , 2.198446211113778 , -1.5560376695412101 , 0.3393531679424214 , 0.8678591457465186 , 0.1216700356944373 , 0
-0.9120265474588207 , -0.4806806392784599 , 0.04045663664909977 , -1.1318845335484937 , 1.5286586901132 , 1.0390142938004783 , 1
-0.031299261687320105 , 0.024199062525422744 , 1.0270014533802008 , -0.5983918904928156 , 0.879655377229576 , -1.1934548415726975 , 1
0.8966751072868364 , 1.7254028933863432 , -1.369909132153548 , 1.037219510592772 , -1.5127084374421844 , 0.44415454291466255 , 0
-0.23030541914050007 , -1.1342924619387669 , 1.8151749036619909 , -0.6104331882340407 , 0.9098133490478643 , -1.5592299005999053 , 1
-0.028863070770575133 , -0.41683565621079266 , 0.5864195092049009 , -0.7069639014028601 , -0.5939982864975585 , -0.962329884482953 , 1
0.2699381746141968 , 1.2603693469554385 , -1.3340346940873404 , 2.2614153516254247 , 0.1794978403278332 , -0.9989690584410936 , 0
-0.19721198303132512 , 0.07539022088238027 , -1.8157642224392379 , 2.018174255906723 , 0.0763059743132514 , -0.5655448207626042 , 0
-1.0248415420746722 , -0.960682923404304 , -0.24688649511560312 , 1.0842105596255665 , -0.19914842693774346 , 1.1694650665073736 , 0
0.4306946565564991 , -0.2635343112790309 , 0.6928042782332792 , -0.9494442457533528 , 1.0240378687098208 , -0.736761711164027 , 1
-0.9792615765797432 , -1.2044544697285011 , 0.21678175714608133 , 1.8465482974135743 , -1.1445601628942634 , -0.17600585540367442 , 0
-0.0278552714614454 , 1.4619909142378118 , 0.1164751327922516 , 0.9752868787950967 , -0.7386610736013309 , 0.27196472227250085 , 0
0.18653254816002193 , -1.448269353584422 , 0.3128972072469153 , 0.1577629801148416 , -1.027893648895551 , 0.8157012797874129 , 1
-0.8717253561887416 , -0.44282260745625185 , 0.1989363823074151 , -1.7468714404997963 , -1.125502065661347 , 0.9537969832921602 , 1
0.8305113202305613 , 0.307609608217614 , -1.1613090371654158 , 1.2457809541555787 , 1.315244756577798 , 0.17420221913643877 , 0
-0.06689283916510294 , -0.5110338975335816 , -0.5453172918826074 , 0.7454960253589443 , 0.9019296574658603 , -0.2665259621009641 , 0
-0.5035501966133719 , -0.6845932659930823 , -0.19688058707184225 , -1.0463021462524078 , -0.7005686960780024 , 0.6399963525290949 , 1
-0.02905646935562688 , 0.6405388964710882 , 0.03321665148327897 , 1.2536515756521525 , 0.19217341230178944 , -1.3220799153671907 , 0
-0.058404298042826965 , 0.5562605850750896 , 0.8483439407013268 , -0.6689673408515294 , 1.3414568676209648 , 1.202023289824412 , 1
0.5021683313754162 , -0.79326540269202 , 0.6832538476134069 , -0.9885791261554236 , -0.8331100489420662 , 1.233080689330008 , 1
-0.06067496197103239 , 1.1859959393896138 , -1.0252289874477933 , 1.211696541212923 , -0.32270133416180896 , 1.4060065648735958 , 0
-1.0487905344792423 , -0.2595083536952121 , -0.6721517048209213 , 0.197723797223631 , 0.8866500700748587 , -0.24741060163175743 , 0
-0.5507795018297658 , 0.24908930059215542 , 0.7021150735089018 , -1.1476583754149463 , 0.5868171520113783 , 1.1952999542083123 , 1
1.0982054935411991 , 0.38163138124921847 , 0.8244808725093764 , -0.6862690989025119 , -1.223101363814474 , -1.0976487631130587 , 1
-0.21392153554898102 , 0.9330803153739134 , 1.5702070819305611 , -1.579991823099783 , 1.353808972754727 , -1.511063330702766 , 1
0.7084869870430591 , -1.1553313281863413 , 1.008249485879556 , -0.44851547267802533 , -0.9374977554515086 , -1.2386911097144706 , 1
0.481568242271068 , 1.5252544099409633 , 0.11093370741285746 , -0.0024862088690803504 , -0.2277723210106639 , 0.7368385511719033 , 0
1.1443183200166076 , 0.5754427318098211 , 0.8732599160372009 , -0.3812467295810509 , -1.6605578247591504 , 0.8314205974026883 , 1
0.7097321054872672 , 0.5206319261559282 , -1.3345948044398277 , -0.32308781290113975 , -1.3509469943051005 , -0.5617196000175533 , 0
-0.17492496452885342 , -1.4040647171087526 , -0.8476471736407506 , -0.6324131620240887 , -1.1203264587900312 , 0.05579176544537315 , 0
0.46497956336586255 , 1.366086469689964 , -0.48721125981254004 , -0.21915581289292194 , -1.2843858959295449 , 0.36106860803025015 , 1
0.1951102910252937 , -0.7385526557029805 , 0.6791377304412636 , 0.09768695535644085 , -1.3801070767544596 , -1.0373439347565767 , 1
-0.3919973745718794 , 1.120514547092207 , -0.5838567653929253 , -1.8673036769475284 , 1.1488544756536903 , -0.8810552472899845 , 1
-0.23568682889749773 , 0.6808585780654272 , 1.3587944336491806 , -0.8716539159764932 , -1.1462239628760438 , -1.1368165485914363 , 1
-0.24314649557074205 , -0.5821530954088107 , -1.4365614748865636 , 1.774983500017049 , -1.6417308472978287 , 0.14927470054640354 , 0
1.1684591110344387 , 0.9897961409645771 , 0.8711516397775797 , 0.28780321549409166 , 1.0011558202560111 , -0.9640887609573031 , 1
-0.4847979036407263 , -0.03375791163824622 , 0.10985439242461156 , -1.2078236556827393 , 1.1229141699766485 , 1.1401984949481077 , 1
1.1483864339427523 , -0.21139772752006436 , -0.08650290912075423 , 1.0126549207827764 , 0.5060161915213025 , -1.378549951110558 , 0
0.5021958610203174 , -1.9031732878598504 , -0.9345601077936981 , 0.6135151589066604 , -1.1931993100326497 , -0.007493142996005202 , 0
-0.9005224784640335 , 0.3319423260881201 , 1.2648648575503862 , -0.7713290261357575 , 0.6974203136376231 , -1.8060055160103465 , 1
0.04269068803579519 , 0.9276261337728147 , 0.8177019741032477 , -0.27503522658273727 , 0.49142627166902214 , -1.2904432847196168 , 1
1.6268263125761728 , 0.39239224032986086 , -0.10433540168746107 , 0.1453922739990103 , 0.6156924919036034 , -0.8844562425632478 , 1
-0.05674287679750181 , 1.8356962454552481 , -0.4739571957959132 , 0.8038244542229044 , 0.03377554997223524 , -1.0571437539982222 , 0
-1.726064454823455 , -0.2835024476954468 , 1.2015131962254442 , -0.6298044704836648 , 0.9721014940617358 , -1.6777870242506752 , 1
-0.036784050210326505 , -0.34488237816065626 , -1.473972407259017 , 0.9904883746805873 , -0.8654292951127353 , 0.30751930020757967 , 0
-1.9013225025070029 , -0.22156449553696944 , 0.8727622102971695 , -0.9412093791857556 , -0.9524162976659306 , 0.7941889847477591 , 1
1.7710926270783023 , -0.06190056479551948 , 1.1728752046112516 , -1.1140525667868402 , -1.6950701620675839 , 1.637729723188012 , 1
0.045842106372536114 , 1.5972142716758764 , -1.3864930232641133 , 0.1708339296725062 , -0.2750180760155917 , -1.0952907280545106 , 0
0.34877561645776506 , 0.06690426207997781 , -0.8639648197371395 , 0.2123908739985359 , 0.7629497723995713 , 0.0931863557100328 , 0
0.4312105585361999 , 0.8639109787557827 , 0.6166749263450875 , -1.1780433820307306 , 0.8074440406438252 , -1.164578385506828 , 1
-0.22375876240596929 , -1.701020347359749 , -1.1088816510289865 , 2.0342787030855254 , 0.04552732332046352 , -1.1308482456548448 , 0
0.6920543725325529 , -0.4129866620074863 , -0.2793910342391728 , -0.02726279683714324 , -1.4227761447990785 , -0.8453258457735776 , 1
-0.17012580685934944 , 0.8479082593122376 , 0.4479558252934153 , -1.8577325401850997 , 1.1517154826611575 , -0.9973659598364177 , 1
-0.6413047781523645 , 0.11995683772321346 , 1.3452301638475919 , -1.2693672154594087 , 0.7593514264084041 , -0.7609903170808807 , 1
-0.10328187263779626 , -0.44253318008017845 , -0.06537993874592697 , 1.3011680750412278 , 0.1329660858184181 , -0.7160609953319147 , 0
-0.9263531658997536 , -1.023424882918562 , -0.4467848210731615 , 0.819147468741004 , 0.14364030838992303 , 1.3173335445271548 , 0
0.557585848915305 , -0.010778222113081107 , -0.10940852758048338 , 1.8271607583330651 , 0.3257686274973653 , 1.1311920586587192 , 0
0.549421606866816 , -1.2868207167507009 , -0.15614693981971567 , -1.1429311154126276 , 1.3943123836412992 , -0.920895679116101 , 1
-0.14793266203239958 , 1.9748099851041272 , -0.3187510660674993 , -0.9256269988691181 , -0.41835623086004253 , -1.5576482408084937 , 0
0.8323966980490227 , 1.3504485049626342 , -1.0208616200202538 , -0.7275831891805767 , 0.6165759070002431 , 0.028297714810073076 , 0
0.1006121726767516 , 0.1811924861796071 , 0.3714499671259822 , -1.3526071094659937 , -1.2595102841899242 , 0.9317233422407863 , 1
-0.17163841590355106 , -1.3861512851191709 , 2.0919020101613235 , -0.00975704852866595 , -0.9700794408730831 , -0.9915298547857798 , 1
-0.11681356998373622 , 1.3382360034842082 , 1.0427631467279777 , -1.8000046903830809 , -1.080118097866933 , 1.2301036067590132 , 1
-0.7775740725563598 , -0.32947209600421895 , 0.9521161446712014 , -0.7867466710737264 , -0.8847439714858681 , 1.1017701150478394 , 1
-0.3288800351729647 , 0.1441433009355021 , 1.1133823151962274 , -0.8047534026885987 , -1.178276160265121 , -1.2137364122819392 , 1
-1.0029897672673467 , 2.3200374762716223 , 0.10863601006402722 , 0.5868765943911494 , 0.11402612882988868 , 1.0180474420026862 , 0
-0.39568003593596296 , 1.393385443972367 , 0.8460271824233345 , -0.671838071509544 , -1.1399197944066335 , -0.36097312709374413 , 1
0.0005893060354873213 , -0.28006545856345305 , -0.5069284960800804 , -0.1009090421897372 , -0.5343424184318036 , -0.11353821027774233 , 0
1.347520128461057 , -0.2881226254007908 , -1.8126329691920455 , 1.2564386702245822 , 0.3802788558544752 , 1.6763410979967943 , 0
-0.4728328783079964 , -0.39465975924667684 , 1.1362201333391524 , -0.14507012977625244 , -1.0600625252902773 , -0.7471345882236392 , 1
0.7334955728373989 , -0.13721161240893825 , 1.6852886373967682 , -1.0529441848114685 , 1.1478401914387644 , 1.6170243646607116 , 1
0.3356591935881158 , 0.6758621370727739 , -0.6655177279767541 , -0.4712118228907225 , -0.3061590713791829 , -1.674954939187555 , 0
-0.7880120627979167 , -0.020785775731465374 , 0.7388625266169733 , 0.4919640177682359 , 1.463427772737019 , -0.9637023506992339 , 1
0.24302356697144367 , 2.006754084042775 , 0.5383080490636799 , -0.07739089177317697 , -0.4732479412425001 , 0.9683354523802754 , 1
-1.7136653877766297 , 1.0724717694363635 , -1.4665008540093696 , 0.7362475436148262 , -1.2486520405294912 , 0.3996348850341503 , 0
0.6535077893631676 , -0.020287416833222185 , -0.284982742799964 , 0.13578757479599118 , 1.418846800343592 , 0.8282251341012773 , 1
-0.7273499418807036 , 0.014972533001632999 , -0.8446456946451903 , 0.503800763441361 , 0.08460218417963027 , -0.9276078225055114 , 0
0.31647014574592663 , -0.8606423294503822 , -0.6596739238937651 , 0.011992004524703122 , 0.9918875616398732 , -0.18624107101282106 , 0
0.5398779737706846 , 0.23782421122632305 , -1.151812489816775 , 1.6017627888841675 , 0.4825977401695265 , -0.8458590880895251 , 0
-1.0125458825415043 , -2.432890074763063 , -1.9249796358394369 , -0.11730933935777473 , -0.6929990244119826 , 1.2238544111895293 , 0
0.12134073282295078 , -0.0400419648284956 , 0.09852484120022857 , 0.958534239465541 , 1.3286910052131944 , -1.0759112807569182 , 1
-0.08972330168760558 , 2.1525347346411916 , 0.6837025085134947 , -0.8459998735326602 , -0.9607526627895034 , 1.3056174881162712 , 1
0.028720620461030445 , 0.5638676200725683 , 0.005721079445351989 , -1.9160919516231332 , -0.8718443997107531 , -1.3392600711541085 , 1
-1.8151761979482288 , 0.5625743452970159 , -0.4599643187686832 , 0.25267029615527314 , -1.401227661843233 , 1.1923720936591473 , 1
-0.3023234919316709 , -0.5036172102008868 , -1.0460889478700777 , 2.2447297702425315 , -1.3066874716824703 , 0.05589056677675829 , 0
1.316692106259353 , -1.0456563084364885 , -0.6470716932865107 , 0.4074372125383481 , 0.5949086852902522 , 0.9587834900410894 , 0
-0.1287386317466192 , -0.4860645327150938 , -0.40503011726686977 , -0.45528374541928035 , -0.898197322524836 , 0.5691148100256764 , 1
0.04070288461366007 , 0.050165267922332446 , 0.006501356009981911 , -1.3591459167031277 , 0.8903508150416886 , -1.3881542014446802 , 1
1.2446976556786922 , 1.4099258756351896 , 1.8016073837218625 , 0.22318720932340189 , 1.0488816279287587 , 1.4647136095714568 , 1
-2.967399330998516 , 0.6181108833359602 , 0.6030120914726959 , -2.032321622128915 , 1.3318957133981126 , 0.9186074197370278 , 1
-0.2942222205743957 , -1.0781396400664809 , -0.4764762055267809 , 1.3730987783407946 , -1.8616466623473542 , -0.020325275607695474 , 0
-0.013959641947230789 , 1.1746265471141406 , -0.37770634738341086 , -0.23864407469063117 , -0.15961461983570288 , 0.7628957034663706 , 0
-1.226306884294333 , -0.9841572355090562 , 1.2961272397040697 , -1.1853027641816614 , -1.1202263489387474 , -1.3337753219156152 , 1
-0.05856244726847544 , 0.942182667168932 , -0.9564421430972543 , 0.9524491779862548 , -1.35094978175445 , 0.0532037184637651 , 0
0.660739912277114 , 0.5710577297272394 , -1.5771935161319712 , 0.057713772567760176 , 1.3244739619785704 , 0.16977637182658298 , 0
1.0733301578488927 , 0.07631409551233644 , -1.1445046196215805 , 1.185150359443048 , -1.1382053089720698 , 0.5331051426645471 , 0
-0.29108443664836164 , -0.06572010000868231 , -1.5819333567834277 , -0.07560568071926851 , -0.9835985704313461 , 0.44512968314041546 , 0
1.1002476191446906 , -0.5513037987396043 , -0.5319946642124838 , 3.2303499917954226 , 0.3844273146600714 , 0.24830702335750707 , 0
3.244668827728656 , -2.0624306822720437 , 0.7361689622879874 , -1.1193840518987292 , -1.7216895834119588 , -0.4189975621507154 , 1
-0.26787243450602477 , 0.12976944249441327 , -0.197022559116018 , -0.5004090281143014 , -0.36162936118529465 , -1.006017856837555 , 0
-0.34478036471826495 , -0.18790379463199658 , -0.16331552092055532 , -0.1915134851075289 , 1.0675491998287132 , -0.5775408571359881 , 0
-0.7870560805428143 , 1.1673119679216892 , -1.0621360446384547 , -0.05507921888244263 , 0.009331146278198742 , -1.4132862791924263 , 0
-1.9188998577590366 , -0.45739368807980557 , -1.1298347431761993 , -0.8702038964118495 , -0.4421480730679507 , -1.0060144893331224 , 0
-0.6238697462546693 , 0.11934305121526939 , 1.5504874020281711 , 0.5868955752643771 , -0.6568715746290865 , 0.8131509134365236 , 1
0.2561801099139584 , 0.5389136492631941 , 0.27006554829821056 , 0.7013417031292518 , -0.017356056369272444 , 1.2291465303438915 , 0
0.8542902212341889 , -0.39276609003880414 , -0.3463948189096622 , -0.6224892489226825 , -1.1476802423548074 , 0.9431678948576735 , 1
0.09328857976115774 , -1.024888625589374 , -0.15837698744775022 , 1.359119585232648 , -0.10933421336881854 , 1.2712722453642535 , 0
1.1361938492916892 , 0.24261696700268987 , 1.2173149405569095 , -1.047279579965864 , -0.8313030555734197 , 0.1476146519670762 , 1
1.0883975663525698 , 1.5073034758439998 , -0.7054017363540757 , 1.0534705227520258 , -0.3262531307099541 , -0.8496959428827725 , 0
0.16383384260131453 , -0.051174140945674414 , -1.117266995802141 , 1.108962715883866 , 0.5993631925480258 , 1.080513434643716 , 0
-0.4549199217441729 , 0.22489331159493187 , -0.10866577833928104 , 1.4344742754655535 , 0.490233636479644 , 0.07697221997138431 , 0
1.0267528602542346 , 0.6923473682538954 , 1.1504136018443567 , -0.6728411603302527 , -0.7886356121975843 , 1.5297381060764013 , 1
1.132288240388231 , 0.5661160078961894 , -1.5177605631559483 , 1.1643148178096696 , 1.603873842980502 , 0.4252243798313078 , 0
0.6958549467632973 , 0.19982690956741928 , -1.5146983335809272 , 0.7211729416546994 , -0.12474424338033131 , 0.8837183831681331 , 0
-0.6273282190987809 , -1.895858372233029 , -0.6708745289242034 , 0.2820901914385738 , 1.2341964243956476 , 0.4263252453534603 , 0
1.1242463256251902 , 1.1232462010799626 , -0.21247274285108622 , 1.14326471143369 , -1.4655718275781657 , -0.21764773994428854 , 0
0.7523305566291838 , 0.4187683603045779 , 0.7050622541464973 , -0.2874023477049795 , -1.5160312647483625 , 1.0876128865276546 , 1
-0.6453399244663733 , 0.30140727354406377 , -1.0997512948745194 , 0.2648985405251476 , 0.25052133143470723 , 1.0529831904182916 , 0
-0.49863732598568195 , -2.643662177431165 , -0.7483094390873398 , 0.8810229643606152 , 0.5786181221336576 , 1.4346540981660363 , 0
1.7421966181849637 , 0.16834676500325033 , 0.5276048881858723 , -0.6206195672104591 , -1.5579509132125562 , 0.7709090270743564 , 1
-0.7499537000381947 , -1.0189786368908063 , -1.1391736054685486 , 0.17466134417566787 , 0.13111958030324777 , -1.3071669147183136 , 0
0.6544302242883246 , -0.9496983520975177 , 0.25632870464729834 , 1.3446768951110597 , -0.9963417518082587 , -0.14123855902463173 , 0
-0.3039854611196226 , 0.5304474576899828 , 0.2274654673454761 , 0.5896074149734551 , 0.9865711509652181 , 0.6521773598439139 , 1
-1.1401069242197968 , 0.5078334712582835 , -0.6115076798792397 , 0.7641446156420263 , -0.6943165528828719 , 0.501099120998976 , 0
-0.4420456475148361 , -0.4323153180673026 , -0.4518641474570768 , 0.3209494821708361 , 0.3144923984701566 , -1.14400848603252 , 0
0.03595563413213063 , -0.7128945485802473 , -0.17530924353620836 , 0.7800508713789442 , 1.1631263714337623 , -0.49004236085502295 , 0
-0.17304281520732778 , -0.5904925466150949 , 0.1379920674512565 , -1.0831386138547716 , -1.2723599610348781 , -0.9457481621348375 , 1
-0.07165262284784336 , 0.0197090529502479 , -0.056273552215593076 , -1.5969505206274766 , -1.0357282615006123 , -0.6640881392429611 , 1
1.4839519173305848 , -1.2693565307076264 , 1.3236092430568651 , -0.7998720905925878 , 0.9307454905328887 , -1.6590071210566257 , 1
-1.3183722253798384 , -3.619897320242167 , 0.8105476127411475 , 0.5390572523880879 , -0.9801166155609271 , -0.3395163248549357 , 0
0.38889422273494456 , 2.3715606852760205 , 1.1358170568586758 , 1.2362644971023737 , -0.9450178951107621 , 0.024569440060484164 , 0
-0.4182098009880484 , -0.12118394692016873 , 0.871994142755593 , 0.11270152822311898 , -1.1091434578528407 , -1.1893207503538714 , 1
-0.1327879890073581 , 0.7193019921955813 , -0.27220877296531176 , -0.5100795172446332 , 1.4884341178187477 , -0.11210067517492504 , 0
-0.09615940817983444 , -1.3722646281422717 , -0.36758864919807877 , 0.47289297584107004 , 0.47911579582819075 , -0.17709150278175087 , 0
1.3322729480597915 , -1.0111257945241876 , 0.591171559965149 , -0.9391465112123949 , 1.020971471554967 , 0.8163883321059467 , 1
0.14034840421946157 , -0.00527153437450936 , -0.44210078245427903 , -0.5415596556042974 , -0.11880893386089188 , -1.2792773406670879 , 0
-2.4358257451057583 , 0.16725144795935384 , 0.17373525050663133 , -0.20455607776036047 , -0.48210083581110424 , 0.7394869106833523 , 1
0.4908114022669514 , 1.3327122234876048 , -0.7912420559504167 , 0.949536134590853 , 1.068093681022001 , -0.37071780331068166 , 0
0.9074612342937114 , 1.1526328001963768 , -0.8821769515126799 , -0.03637036374748739 , -0.11377821088006752 , -1.3111177500925595 , 0
-0.13917092195860353 , -0.38740553999747124 , -0.11741390380362442 , 0.19035470499049087 , 0.041046426067529826 , 0.7106911553348285 , 0
-0.8061760366317281 , -1.422846772984323 , -1.2544334217299296 , 1.4055561598053266 , -0.7628640456353399 , 0.0024697162024903524 , 0
-0.5082815371909823 , 1.3201647918182788 , 0.9409018749777931 , 1.668961130603605 , -0.785658501948097 , -0.11338174373221027 , 0
-1.0932635210123478 , -1.1637147066212652 , 0.3253298798399983 , 0.2744024161470653 , -1.3391584510229784 , 1.2370899360980325 , 1
-0.3305765152421919 , 0.048142369067310516 , -1.4446377927861314 , 0.6202960332150281 , 1.9822104319586364 , -0.033445788607565675 , 0
-2.341201135438717 , -1.2529812913610103 , -0.3717313241031639 , -0.9882081601043061 , -1.2116675344092678 , -0.9897215084315699 , 1
1.3837717442649828 , 0.13310889808893164 , 1.7796883218353874 , -1.7474056804029519 , -1.737484434087834 , 0.4179796527490814 , 1
0.31313485308849465 , 0.11567422085604374 , -1.050530853751765 , -0.18019999253864655 , 1.396671127971951 , -0.6448169647718326 , 0
0.4258646116362148 , -0.08638831534495754 , -0.11715184015738499 , 0.02757582960596467 , 0.9240877615086233 , 1.0230429934108938 , 1
-1.8576410433763353 , 1.0426778102897096 , -0.1283051742425858 , -1.2592434500688363 , -0.9477986353258155 , -0.1615564751869758 , 1
-0.0395010800750701 , -0.37227460762841347 , -1.5062720000071743 , 0.16788356863486856 , 0.06632540955674415 , 1.0433442496604792 , 0
0.6994077083079199 , 0.16269273104396198 , -1.1380018515894297 , 0.3637073780521924 , -0.296707389549497 , -0.8867140014312914 , 0
0.3923845296364505 , 0.4416366223414964 , -0.8496290185691971 , 0.526739708830694 , 0.5328886702081551 , -0.375254523516682 , 0
-0.10448011693382223 , 0.15625688380099312 , 0.7306421222095096 , 1.3401845048878238 , -0.201928425593642 , 1.332773318064103 , 0
0.12580911632445976 , 1.7751345547959076 , -0.6933543022273227 , 1.6973144169734595 , -0.733781515638911 , 0.32500502674155607 , 0
-0.34096180593611697 , 0.6744013470067187 , -1.9697864363339594 , 0.7285307632720659 , -0.6443701642261002 , 0.9190541709639576 , 0
-0.6210342453637934 , 0.7069061893875546 , -0.7241818252630392 , 1.3489172209379476 , -1.1893603662870513 , 0.07262490122352007 , 0
0.8377379008634743 , -0.3903643356956165 , 0.35869942510090985 , -0.9004089045776605 , -1.1398190476316927 , 1.0931925720405262 , 1
-0.2368615080139088 , 0.19918482588994346 , 0.49665705162980656 , -1.2432265179566415 , -1.8525235280283154 , 1.2097729628508052 , 1
-1.6907480720022934 , 0.3605826058261053 , -0.6791238737499544 , 0.2016380838866095 , 1.331198608601037 , -1.2905231811638684 , 1
-1.2724269219457065 , 0.47413172525364 , 0.44769084912627366 , -0.3096385988336405 , -1.310665566657754 , -1.1937751738075661 , 1
-1.437296910374687 , -0.42771680283022107 , 0.4237645557268009 , -0.5723397189715225 , -0.6907601806009207 , -1.603671018415657 , 1
-0.0750096635072108 , -0.03619176167951816 , 0.3885049784243452 , 0.036247891855029045 , 1.3310099636515516 , -0.5303031072326889 , 1
0.9266735541767555 , 0.617612702695283 , -0.3596112842138281 , 0.38034900077246914 , -1.1094803164962925 , -0.8614595690918567 , 1
-0.6106032137255709 , -0.6765741895068408 , 0.0709344426199266 , -0.3978303462146559 , 0.05833558961695234 , 1.6046156119872466 , 0
0.3332317770432439 , -0.8349624265300627 , -0.18808369872064268 , 0.9276794833785917 , -0.021581195064906446 , 1.0830358997674407 , 0
0.05966409289736782 , 0.17876079918943497 , 0.6043839593689473 , -1.1644283886772984 , -1.3182095014536583 , 1.3213101716147162 , 1
0.9258279762765099 , -0.04242007397253861 , -1.3450473303151356 , 0.6450201158753833 , -1.1353684707863299 , -0.048414611899879306 , 0
-0.1044305915547058 , -0.3952455245451199 , 0.0558388609503875 , -0.021467861831184504 , 1.304421708438697 , 0.9703166625618382 , 1
-0.4908872205392722 , 0.38171421742920364 , -0.777460883177313 , -0.18103029742757173 , 0.7492975983393851 , -0.9240012828581208 , 1
0.5307604051733171 , -0.5584526298216962 , 1.5595906374709991 , 0.30928070680235126 , 1.2024475685434142 , -1.3141238643289501 , 1
0.22864510871891017 , 0.7109377948012148 , 0.6257189534304846 , -0.0349074595704773 , -0.8169897856312385 , -1.13427994749726 , 1
-1.3506771762761514 , -0.07715963467840972 , -1.050896389428908 , 0.3526389785341203 , 0.08041267761012513 , 1.445003479829861 , 0
-0.36386189050054213 , -0.10063268466080272 , -0.5786171045221192 , -0.5775779449392187 , 0.580343329727388 , 1.1641046648926001 , 0
-0.8387708147583286 , 0.06342587349281535 , 1.7335289305955055 , -1.7307424535948612 , -0.8788938051431201 , 1.4272216686694383 , 1
0.8369543282148041 , -0.6196272881978735 , 0.18205670027406187 , -0.4905744307438981 , -1.0727050705712797 , 1.0956665593753128 , 1
0.5871674750650154 , -1.2471796725896025 , -1.3314282678920244 , 1.0073973641262797 , 0.17990615020552997 , 1.8774071165303208 , 0
1.2036953928276921 , 0.7474486843005289 , 1.1448781721488062 , -2.3501585182143256 , -0.9086646145738205 , 1.5637710078129834 , 1
-1.7053369208891498 , 0.5396929589880949 , 1.750296619563818 , -0.02461678991643448 , -0.5700562203610823 , -1.4137393282211643 , 1
-0.21617427176584292 , -0.8968762830892589 , 0.0952089322081468 , 0.8861787561219846 , -1.2850269204852036 , 0.009165300047981106 , 0
-0.6977869417626119 , -1.4289246293687752 , -0.6090276091138794 , 0.41652049148550047 , -1.603595402866215 , -0.2774046834928706 , 0
-0.1480086677766864 , 4.5685704173833654 , -0.6821487478341789 , 0.8792057976973134 , 0.7724830262656726 , 0.9581058905815912 , 0
0.5634278816409943 , 0.4233402480205909 , -0.4472828892620776 , 1.0715908086899186 , 0.22846301321164247 , 0.7960297363777876 , 0
-0.4316333099009282 , 0.43782158550644895 , 2.2613064875842697 , -1.0906454614972039 , -1.3185149082560061 , -1.135144679492827 , 1
-1.597433794735414 , -1.9327620483335812 , -0.5358756810069434 , -1.0145945393039588 , -1.2434497104368136 , 0.8188381583308278 , 1
-0.987741181296355 , 0.6425496573807873 , 0.6103297345736325 , -1.6783226702296254 , -1.4074930727680697 , 0.7219785601305105 , 1
1.411383113344839 , 0.3017297084795667 , -0.6113041319438834 , 1.038106047269079 , 1.1990686118787104 , 0.019217580927108808 , 0
-1.6084826079960275 , 1.1851572068977325 , -0.024033023820228837 , 0.6023544939571506 , -0.9428118267227984 , -0.34604640840401946 , 0
1.9928234827271227 , 1.6996273510009665 , 0.3702810364186085 , -0.6419516212254776 , -0.31730703053922016 , -1.1976589367937973 , 0
0.0780984577466019 , -0.6713867750992764 , -0.07982343428137559 , 0.9647238169816478 , 1.5573479190355206 , -0.24043992503213477 , 0
-0.4621951116116382 , 0.8975627337582409 , 0.8757269027300376 , -0.42335809591362905 , -1.3530647359245653 , 0.6177498232995486 , 1
0.058920835188282554 , -1.6663720835143025 , -0.26225683357787616 , -0.7313756039535946 , -1.304065380070056 , 0.0031883408117878037 , 0
0.688202132314441 , 3.3517384304737314 , 0.12510580012852213 , 0.5648178958399197 , 0.1187815606042486 , 0.7461597544906398 , 0
-0.04077621276710234 , 0.43325047513140663 , -1.5616480298061814 , 0.7379537497154287 , 0.5928124705412541 , -0.763282509977402 , 0
-0.054452597558791546 , -1.3386923418857466 , -0.9414341260889791 , 0.11010066174378023 , -0.32076593128971864 , 0.9174454491434306 , 0
0.27368187983600084 , 0.042312110362363944 , -0.8667884852565622 , 1.3589744508184094 , 0.19807635146516012 , -1.0644216500592247 , 0
-1.9337174566869144 , -1.5500101683774785 , 2.3798906592252305 , 0.6692846130702746 , 1.1970966487179615 , -1.0242836907775321 , 1
1.6379012027844875 , -0.9061252347938306 , -0.07207771393961439 , -0.5697059843299219 , -0.8138666738561706 , -1.2041202197328877 , 1
-0.1653636286072724 , 0.21794157044254636 , 0.8776843967633601 , -0.9391280383428386 , -0.9111737615000569 , -1.561990131974713 , 1
-2.175731908632426 , -0.6854610734194767 , 0.3803554587417393 , 0.7863545105988922 , 1.092416366263738 , 1.0514263571472702 , 1
-0.6589158836316714 , -1.8827758702663329 , 1.0450257542711119 , -1.144492233774126 , -1.2782904108014137 , 0.7295456378852824 , 1
0.46880550626363626 , 0.306644819508538 , 1.070143747781441 , -0.44933130168884355 , -0.8328079215517764 , 1.3444195643289314 , 1
-0.2713848994083425 , -0.8830922635941818 , 0.7170152099093119 , -0.4414183680711912 , 1.7841399780304512 , -1.3772278190790075 , 1
-0.6525701137054976 , 0.5028087173499848 , -0.51652439727659 , -1.7012176380295931 , 1.1225645834663591 , 0.7951316938145574 , 1
-1.1431519068668416 , 0.379771038502071 , -1.255223410426364 , 1.2066291506976388 , 0.20554134685338468 , -1.0745460556029074 , 0
-0.2542817221079616 , 1.6153609427798212 , -0.2535529198623946 , -0.5784268996503563 , 0.07918796528698142 , -1.0206441775369337 , 0
0.7664604352959272 , 1.8002723051639722 , 1.8496954156422112 , -0.18239904943659713 , -1.1324931003415641 , -1.1122157850398158 , 1
-1.3778068048617174 , -0.17599894784056005 , -1.7873543181940543 , 0.5764496947572361 , -0.14954562926256876 , -0.8573397760905132 , 0
-0.5119254475054359 , 0.24617693394651402 , -1.8597401305211743 , -0.001200887968432229 , 0.23547457442604974 , -1.5268136509211052 , 0
-1.776714842018211 , -1.5742939606652429 , 1.11527334697097 , 0.6179781315319659 , -1.2625139937045071 , -0.9176091295706094 , 1
0.3126717328222645 , 0.47723497772839096 , -1.8007896391413991 , 0.059006733158131465 , -0.9100648292974451 , -0.034061114066522034 , 0
0.22692703506635198 , -0.5438468178394762 , 0.5554747123216697 , -0.8608837799844404 , 0.4391968721511439 , -1.4494965954187884 , 1
-0.5554399422516155 , -0.02830736467604219 , 0.6908659355663072 , -0.2255105686791094 , -0.6436260950070211 , 0.6963062861665256 , 1
0.08921752884373953 , -1.2928061925792076 , 0.847905317482968 , -1.191639227735311 , 1.173713965318371 , 1.5992763408440869 , 1
-0.12602632632242533 , 0.15075720989909674 , 0.9947928112507715 , -1.8522337123845187 , -1.4334959324110061 , 1.039589086720101 , 1
0.7011113754065199 , -0.4361595025935105 , -1.171059229559824 , -1.1095226109232625 , -1.1849971645365167 , -1.6482299939718204 , 1
0.5116047114801794 , 0.30574281053548413 , 0.2798313776939129 , 0.7244745051997202 , 0.2466247477474146 , 1.078486562770348 , 0
-0.15074878302606315 , -1.059671386214675 , -0.17484140627828942 , 1.1255862378245665 , -1.048543730595387 , -0.08106761551456315 , 0
1.7088392597195226 , -0.6993590079401327 , -2.2227736078165403 , 0.45004624210000466 , 1.2763667878134082 , -0.49432991940502197 , 0
1.2411318786461134 , -1.5369264087701615 , 1.634264737070243 , -1.0476155097727209 , -1.3113796034444778 , -1.1051057615018334 , 1
0.012613411890231171 , 2.452434499372377 , 0.5022976100885634 , -1.0962643723272587 , -0.4848770295811124 , 1.7342336741388438 , 1
0.6261525075860498 , 0.553543576361976 , 0.9064512152513425 , -0.06572456145691925 , -1.5715404058736078 , -0.9213688237436287 , 0
-1.6374360304882702 , -0.698227074894808 , -0.5194606175143202 , 1.1579214890060316 , 0.8577252826224264 , -0.13758594679375755 , 0
-1.4464556264704183 , 0.8038134861111228 , 2.4471519763041467 , -0.3242136728933389 , -1.2369603516436518 , 1.6647793320680502 , 1
2.2864747618819825 , 0.11396603807369822 , 0.4290367624412176 , -0.3145712243120664 , 0.2651107669325705 , -1.4021989841086766 , 1
0.30577412504268736 , 3.4574867841744203 , -1.0256486489355123 , 0.49148291238655967 , 0.0996027555852552 , 1.3264947322537581 , 0
-0.6846343918576479 , -0.9271922207730997 , 0.8018479328620762 , -0.47534717005661925 , 0.48087279365550123 , -0.7615349907725912 , 1
2.8335110897028537 , -1.517569373430335 , 0.9071979352960666 , -1.759072670128581 , 0.912003091300578 , -1.173365756095821 , 1
0.10668171276501646 , -0.9201492082234235 , -1.181349297615651 , 0.5086523349837635 , 0.6169081333977037 , 0.7383878260311204 , 0
-0.20155098106155897 , 0.9812065847183236 , -0.8226309499049319 , 1.568858914848225 , 1.149035220969297 , 0.596717585664123 , 0
-1.1395371463684176 , -0.862274284961886 , 0.3402564116373465 , -0.043837551532973654 , -0.4552008299313435 , 0.9289864369575633 , 0
-0.1366596734254632 , -0.19893991079190929 , -0.93615514471174 , -0.5719786919405635 , 0.1145951408163354 , 1.378767619186053 , 0
-0.8582533743515797 , 0.2922122456865776 , 1.0446061144722099 , -0.15142893010195055 , -0.43987280672534684 , 1.1488918669564616 , 1
0.9633621285681142 , 1.223869575344437 , -0.6457262760894795 , -1.2229139576098011 , 0.8672477121618307 , 1.1258040363370179 , 1
-0.03906710292836024 , -1.9387519613128958 , -0.7689703075134656 , 1.4925757871257215 , 0.6593767617480545 , -0.18050699648426888 , 0
1.546379173211175 , 0.456905060359094 , 0.5949915070067523 , -0.4391584881928214 , 0.9913569553242727 , -0.9753960513109842 , 1
-1.024217105635665 , 0.881459474567067 , 1.3526232550761699 , -0.2168675397230516 , 1.0871171189951474 , -1.0692309603344077 , 1
-0.9893446826738038 , 1.318800676121449 , -0.09901397719399926 , -1.0308278542888327 , 1.5625012008547559 , 0.26112997931363047 , 0
1.5723478991512403 , 0.08448244095214032 , 1.3417427683497305 , -1.2061079102990677 , -1.2884890306086938 , -1.2858789537930182 , 1
1.3825597037021744 , 2.679569048551999 , -0.47154474343539776 , 0.5838828330197718 , -0.9710203933039594 , -0.4958424594643903 , 0
1.3727655781660262 , -1.8623001311960599 , -0.5737440739787358 , -0.15345259325658553 , 0.6530968250786335 , 0.9798415904717251 , 0
-0.5026350547559895 , 0.464880570672628 , -1.050208324403759 , 1.497597792421355 , 0.24323004819225666 , 1.0667995041772813 , 0
0.1356171821735103 , -1.278919761257098 , 0.4273880586577761 , -1.673192560614179 , -1.2381502815611005 , -1.81400400094448 , 1
0.2985221253306508 , -0.6147925400941616 , 0.7771852262462177 , -1.5347607111119135 , -0.7344993744709876 , -1.147707507031171 , 1
1.209449339662636 , -0.4914407641218906 , 0.6436501215425962 , -0.6348917679122099 , 0.7192688237031006 , -1.4590693203690415 , 1
-0.15201203754595857 , 0.7709529995669095 , 0.733373045801486 , 0.9595140104559523 , 1.5828712069027795 , 0.1547487630218406 , 0
0.4979925402283007 , -0.015879995163522963 , 1.800117538926608 , -0.6879572295616281 , 0.9985584812474819 , -1.9956497959603854 , 1
1.3298013539332012 , -1.031437347890186 , -0.4278270878607603 , -0.8491601816006887 , 1.7390218503558499 , -0.8723055610143825 , 1
0.8791116189954428 , 0.06837566763289132 , -0.05570468838801744 , -1.4762955459672054 , -0.7751058178124957 , 1.4660847360304172 , 1
-0.4521631968555703 , -1.1602415614134596 , -0.47065132198812826 , 0.7198582226213087 , -0.7851893946173198 , 0.21461576970206117 , 0
-0.35191557120078204 , -0.11792913097677793 , 1.041220575336557 , -0.7700422166224863 , -1.0348213621723412 , 1.1888039841151328 , 1
-0.271455274357258 , 1.6257971383491185 , -1.6982258533584726 , 0.745682172290265 , -0.8147553825313304 , -0.008902102986790617 , 0
3.041835881890359 , 0.49294638267239466 , 3.4058258200822427 , -0.3106436950323227 , 0.9642447505311444 , 0.8344603235493774 , 1
0.1465266169196678 , 1.875233918094848 , -1.4818262926990045 , 0.9598727267237962 , -0.13062558269801838 , 0.8474695641451281 , 0
0.11467774307410346 , -0.3677965173554414 , -0.29866083276304184 , 0.11642315747316132 , 1.2800067914193747 , -0.09349595704711545 , 0
-0.5985764207240348 , -1.1043618348033972 , -0.06832114287627068 , -0.0034309644342040983 , -0.8358251725409227 , 0.860610562430306 , 1
-0.04725419064445622 , 0.6071661737818859 , 0.28084327992082686 , 0.37235726100396016 , 0.06029876576575406 , -0.6581827000204125 , 0
-1.544373650076354 , 0.689724916540854 , -0.8152830795004558 , 1.3579666780576882 , -1.1597379041829237 , -0.44709117973764584 , 0
0.7654636562150764 , -0.265279036732717 , 2.1407693441219253 , 0.6173797932957127 , -0.6803872454653556 , -0.8186340852299134 , 1
-0.26236214751875975 , -0.34149761826264424 , -1.5396093405451978 , -0.2459242950324275 , 0.84271702507938 , -0.2617920225320772 , 0
-1.195817653382032 , 1.2246139509093918 , -0.04177593190106063 , 0.14070441208900858 , -0.8012469787849943 , -0.2813595989902804 , 0
0.1387252001083054 , 0.22993835725235318 , 0.007647076263576166 , 0.18585342288140339 , -0.5219914107916298 , 1.7881077979220097 , 0
-0.5372483973931452 , -0.4957510108477581 , -0.659223377691151 , 0.09139018256095395 , -0.8979703867847924 , -0.016964635129821815 , 0
0.3157817000085077 , -1.3523549721861894 , -1.0066274761394425 , 0.9180223982458424 , -0.2993796630666975 , 1.4943083504807178 , 0
-0.3987144040124791 , 1.2327134007436986 , 0.5596806498931347 , -0.43142338153929416 , -0.14756203079586333 , 0.8267959986801678 , 0
0.5418735859602197 , -1.3804712992358255 , -2.4232089258316143 , 1.0624011547455934 , 0.6863961825677758 , 1.0596402851436522 , 0
-0.8712670324252718 , 1.7006599060740355 , -0.446924507190591 , 0.33263449074907026 , -0.7304891615608251 , 0.24538889681172565 , 0
-0.44950618323544517 , 0.1963664042149291 , -0.8702173755687139 , 0.8584303001727678 , -0.22611409419403034 , -1.187732902632022 , 0
0.3252328886028041 , 1.6556526085524816 , -1.2252602553264769 , 0.2591657057890105 , -0.8689529883167088 , 0.6821656150140797 , 0
-1.7387700356565923 , -0.13091221140706558 , -0.6606366044610044 , -0.22670076566264535 , -0.04112659565972237 , 1.3770951309008 , 0
0.8722696102123638 , -0.8836875661886108 , -0.6561406351450733 , -0.28271293314123974 , 0.8075474553273052 , 0.1582453099874573 , 0
-1.7360464680376213 , -0.0864211620434552 , 0.7393251066126555 , -1.7049792620956872 , 1.442829455515606 , -0.7563937415043726 , 1
0.41257831731515143 , -1.6794948698561778 , -0.9171067560565448 , -0.01976114378448702 , -1.109670786327799 , -0.5024635063416356 , 0
-0.5032653372115304 , 0.03256515116608413 , -1.6518846931212865 , 0.6130775380293855 , 0.2945867637063809 , -1.6122125242228218 , 0
-0.7678125627999256 , 0.6624211433545245 , -1.270668523391256 , 0.8790914278406563 , 0.8686024698172234 , 0.3635853795692068 , 0
-0.7012295004545602 , 0.10364717221536572 , 1.2177910343242184 , -0.560652257384444 , -0.8929132246784816 , 0.9856008024965738 , 1
-0.0424536163820252 , -1.3785950575768675 , -0.6853150273220677 , 0.2724629060681752 , -0.5271712595189588 , -1.054909666775716 , 0
1.0803322715048496 , 0.5666583611799135 , 0.22608065482558967 , -0.6951939527766449 , -1.4411944829304277 , -1.008165872833495 , 1
-1.0994122894905924 , 0.2704627165964996 , -1.2633390992832003 , 0.7340049972532147 , -1.785618894872668 , -0.7268792580444499 , 0
-0.11945894171509426 , -0.60621999651787 , -0.8492864958764825 , -0.4991119968300233 , 1.47146686791926 , 0.062397270898763124 , 0
0.4206277972666795 , 0.7231853153406511 , 0.6322824593133686 , -0.865769235787633 , -1.532516908157268 , 1.2450965673122307 , 1
0.19714287331102612 , 1.9332965762894054 , -0.993763808920778 , 0.7919246207102972 , -0.13927650616317128 , -1.457555952116727 , 0
-0.9665902186210383 , 1.1548183180141427 , 0.6006055076486769 , 0.8924876482831313 , 0.7217831819313063 , 1.5028290545493448 , 1
-1.1761880484428675 , 0.13313607504772804 , 0.9405517876516123 , -1.0035561320725719 , -0.8643459952049575 , 0.9394793108683387 , 1
-1.2229607472880912 , -0.04532101176156417 , -1.4873286526613774 , 0.8886013191520672 , 0.2813861424956415 , -1.2453733017081592 , 0
0.0401861925021903 , 1.6167197230376946 , -0.08884824766687578 , 1.2139556752000098 , -0.3779540056730429 , 0.8353583460389716 , 0
-0.2355634954680724 , -1.6043605117082027 , 0.6321149849584669 , -1.5632323297719677 , 0.8289911886017145 , -0.8468822169212853 , 1
-0.2853995845157074 , -1.073171740855364 , 1.8107021903023162 , -0.9973516886282157 , 1.0907468888903609 , 1.1256081046765911 , 1
1.2273277309959756 , -0.5968612094460367 , -0.8082620056720204 , 0.40442186383692963 , 0.34210707494581327 , -0.8618483467965186 , 0
1.052269998014896 , -0.925526334469044 , 1.2352560194401467 , -0.10430052466438136 , 0.974060258189858 , 0.962301044654901 , 1
0.2754444240423072 , 0.00045508342546814407 , -1.1095800050532973 , 0.2158790040780901 , 1.0030854171607082 , 0.0977490536161075 , 0
-0.3782950099159432 , -0.6776799772606138 , -0.3568295568488866 , 1.119405751442491 , -0.11977745889030007 , 0.7730120268143689 , 0
0.4622501324959918 , 2.6714490970795364 , -0.3022263285625857 , 0.49807972146518753 , -0.9846326702609046 , 0.14691405943019917 , 0
0.15514672946797242 , -1.0960761784070765 , -1.4242070004070162 , 0.6767253571571414 , 1.3443509012708825 , 0.04731670217738112 , 0
-0.3790775785150535 , -0.12495703057977867 , -1.3528980145798462 , 0.5096627126140881 , 1.430675117554327 , -0.28404602765326636 , 0
0.567364991223193 , 0.42297851877497655 , -0.7740046360995917 , 1.125502400288962 , 1.1366601284573314 , 0.1579602676413735 , 0
-0.6376288563775526 , -0.7950185906861004 , 0.6372923649837591 , -0.040585617812640896 , 1.6841543720257224 , 1.3693214826020192 , 1
-0.8847101752268134 , 0.37257740219499946 , 0.8681191663649259 , -1.4267085502877854 , 0.636711487374008 , -0.8935267180653965 , 1
-1.0531078618780365 , 1.1270905670338478 , -1.3418204389160346 , 1.5666045508894393 , 0.43632627700772325 , 1.1152329308639632 , 0
0.4860548316891727 , -0.60089155633784 , 0.6932731657109342 , -0.7392253058587928 , -1.4683707049453776 , 0.9824612736505792 , 1
-2.261385377451393 , -0.40413465187102365 , 1.2315606933631515 , -0.5941733607337174 , 1.2473298646000748 , 0.6424725832895178 , 1
-0.5736564051301298 , -0.08398220979077048 , -0.8272308374334222 , 0.8487185769480179 , 0.5305260825871541 , -1.1888531882938351 , 0
0.2827742469834076 , -0.2795203046928822 , -0.05825144496196214 , 1.0913476943599143 , -0.11671844716621903 , -1.250792041278356 , 0
-0.0841064448310452 , -0.042807036691401 , 2.3582672622260583 , -2.189501636483352 , 0.4338482595882096 , 1.3451067443942064 , 1
-0.1007249296221651 , 1.31671481640967 , -2.376417063585608 , 1.711619440270772 , 0.21279593080315098 , -1.033923185629763 , 0
1.2166635726627262 , 0.25884420106595724 , -0.0656545217250633 , -1.0422236737918504 , 1.5009412200655445 , -0.8728145982766955 , 1
-0.015574967110029357 , -0.06841312021655066 , -0.9487099672351595 , 1.1117164444390324 , 0.4869465952798885 , 1.580052928244182 , 0
-0.9342359654854122 , -1.4072350492643837 , 0.1920843770306464 , 0.7768326656641679 , 0.9523556754533851 , 1.4833633629975476 , 1
0.2354469653289365 , 0.1879070520412117 , 2.025264508810305 , -1.4672762038663356 , -1.1432891572033606 , -1.548346441223571 , 1
3.1743476748080366 , -0.14055868458202883 , 0.6378527225233728 , 0.8419864966741519 , 1.0986372279379342 , 0.9263754729532353 , 1
0.5370539488317688 , -0.3648159199427952 , -1.5038653320141093 , 1.0004759854420677 , -1.3754303595120065 , -0.2655399537992974 , 0
0.0854465447672954 , -0.4071919479158499 , -0.2331542129433706 , 1.602344343145053 , 0.03629610685878646 , -1.0829703424583872 , 0
0.34601168134071253 , 0.01525943276043971 , 0.12767969079434785 , 0.09759666351161854 , -0.6309038286463647 , 0.8662308696760534 , 1
0.5113882432676639 , 0.3555409074676418 , -0.3118356252414014 , 0.6976315544423304 , 0.9844461639411115 , 0.12036212557931811 , 0
0.4538416163026946 , -0.5760146472107838 , 0.0679105739399076 , -1.3078543281257984 , 1.271004523927483 , 0.9620941037876213 , 1
-0.2541092956356561 , 0.03283164153194009 , 0.5741462200997157 , -1.7753065446694296 , -0.9832912622449931 , 2.034385975101741 , 1
-0.34438603289185665 , 1.1462973755574462 , -0.8935819199012768 , 1.1115452769121863 , 0.16876984681184773 , -1.303592065489245 , 0
-0.014083490504769983 , 0.2056371453129214 , 0.27925277695296236 , -0.18572400655614496 , 1.327321283251012 , 0.9824004239270728 , 1
-0.3511354303298587 , -0.28714516510114224 , 1.3702584888694456 , 0.44870490426489884 , 1.4976002941124371 , 0.9903369725607657 , 1
0.6595700531462824 , 0.3025238483484772 , -1.1945644763516636 , 0.4821749515994202 , 0.1373187392423382 , -1.6412112760432698 , 0
1.3403421485357578 , -1.5848848598686258 , -1.0474085899153172 , 0.2371071161090627 , 0.6868487832787309 , 0.6492028999309435 , 0
1.7901615968492788 , -1.2251100426332384 , 0.3798565078379551 , -0.766189201862199 , 1.2689045313164695 , -1.450104348632046 , 1
-0.5690179219784669 , 0.380168167045312 , -0.556303038763582 , 0.11951110653662313 , -0.25590900837730907 , -1.3095922070369863 , 0
-0.2088373982700381 , -1.4436646362580003 , -2.265629511751957 , 0.8481108949234764 , -0.6116701364763201 , 0.46222876378416394 , 0
0.856174633254201 , -0.24517476875409977 , -0.19026972651062046 , -0.6316050627925063 , 1.1418451720572138 , -0.9794171509529912 , 1
-2.081604926592604 , 0.40346076352036697 , 1.2140941023968972 , 0.34402933707319583 , -0.7755417452843879 , -1.1988156483139547 , 1
1.2909484144701402 , 0.010457779282366289 , -0.24109212121007093 , 0.9336370394793645 , -1.230147888192041 , -0.6972976403921843 , 0
-1.5992095557800627 , -0.930939006472065 , 0.9231112151984673 , -0.5861338718213199 , -0.9682026785030207 , -1.2052820733257168 , 1
-1.449908692054148 , 0.8930537598644024 , 0.13557469799049762 , 0.7387786270130959 , 0.30716496085205464 , 1.3011934448659621 , 0
0.21083444718990643 , 0.47873033499355055 , 0.8099332187970907 , 2.433310530328856 , 0.39782194559561274 , 0.9956756772378661 , 0
0.03314549573878174 , 0.9573570202912529 , -1.3522672605800936 , 0.8293394697497065 , 0.4298456903382067 , 1.3043568747743244 , 0
-0.8278029708474489 , 1.3822375247270728 , 0.6759813906775333 , -1.9992933729660427 , -1.7643642314081223 , 1.3075329288589417 , 1
-1.5533286067907708 , 0.3817867466449066 , 1.2416606319977908 , -0.672182773116697 , -1.4690142306334368 , 1.4687529704485 , 1
-0.4680134100930461 , 1.7467491495873224 , 1.5027348703704764 , -0.9496669480140187 , 1.3751282913001548 , 1.3342389494925977 , 1
-0.8469340920343215 , -0.9203710055446042 , -0.6224082147278374 , 0.6578591839764769 , 0.4172873543228272 , -1.354161939230942 , 0
-0.30275973534177003 , 0.12023021320859363 , -1.4775592077002093 , -0.11263934799528594 , -0.031141471565260533 , 0.7381325195058284 , 0
0.3056034274766634 , -1.527977968526419 , -1.2880564181715943 , 0.075701747556661 , -0.8560609819637108 , -0.746101526373021 , 0
-0.7054197351021269 , -0.43684630895766463 , 1.9413745904070183 , -0.14426807294778932 , 1.0134163646979748 , 0.8778942996570138 , 1
-0.9597797667285293 , -0.07965301330712038 , 0.6569674725795986 , 1.4942572399167886 , -0.2362198078091917 , 1.076758162158569 , 0
0.20635374540689982 , 1.1989982384022422 , 0.08369624617236414 , 0.6824168478312255 , 0.38650741664816884 , 1.449173830315139 , 0
-0.5671862900372088 , 0.7511535383473839 , 1.3770022701856122 , -1.7853087567491313 , 0.5269004480699616 , 1.3019347985882954 , 1
0.6790129707477756 , 0.9828473515963392 , 0.34741875515386134 , -0.9972626749974163 , 0.8860908724095171 , 0.7061282647908228 , 1
-1.117159340835482 , 0.03609909056298042 , 1.0040782071671994 , -0.05957345672327535 , -1.3357656483031 , -1.1333569242278159 , 1
2.412775746010963 , -0.18854355884663576 , 0.5209097615779024 , 0.869577913818629 , 0.7144405758349883 , -1.0623753483736118 , 1
0.28821075679674657 , -0.07970545492035927 , -2.2430881114994787 , -0.4623064832960457 , 0.2758262706169515 , -1.2580371458000923 , 0
0.8279943941701406 , -1.0990623103647787 , 0.1795353471708728 , -1.3039297728310844 , -1.335653168218662 , 0.8805565631435777 , 1
-1.9879598643447154 , -0.7984110871849601 , -1.2452632243587096 , -0.02263578663782278 , -0.1262249070290904 , -1.0521884699323605 , 0
0.44896838582052834 , -0.3540956189749955 , 1.2114184136985606 , -0.25212718908789067 , -1.0681414365983166 , 0.35223888825866534 , 1
-0.5822721333552267 , -0.845191689813241 , 0.19912424295448103 , 0.41356725556083357 , 1.1957609886686849 , 1.3761508261872066 , 1
0.3694973411291746 , 0.22201176410500603 , -0.8294542119933828 , 0.2868051119915784 , 0.5668325505465431 , 0.9474831716148565 , 0
0.7203519097268458 , -1.7752420333238454 , 0.5742244845567342 , -1.6123375902442607 , 1.085262857083122 , -0.9644287522724987 , 1
0.24897368077268303 , -0.4346559778311088 , -0.04430803988602081 , 0.8206922297339756 , 0.3761642614396332 , 1.418808250611944 , 0
0.31807564364283125 , 0.8264534570647961 , -0.22213581612262898 , 0.8053921899260188 , -1.0291105169957493 , -0.01245967401268159 , 0
1.0149551554147498 , 0.7497738039732672 , -1.5219341143286278 , -1.1683566108427008 , -1.42071030793029 , -1.799394928717692 , 1
0.8046194453179774 , -0.2707827972903757 , 0.34659262487265424 , 0.4266488183373128 , -0.6662443997225428 , 1.5642109729856764 , 1
-2.3358510377731347 , 2.1879855817888925 , 0.8378133764388902 , -1.2350454143278793 , 0.90459015687961 , -1.4703123343022493 , 1
-0.739958953275025 , 0.1340945262718825 , 1.3387891949934942 , -0.9064592951658054 , -1.203845448537869 , 0.770885671899475 , 1
0.29755959049204334 , 0.27423592574516864 , 1.0971674193546401 , -1.649806186721515 , 1.2085505272711585 , 0.7404798798804492 , 1
0.6692222205846391 , 0.3615848865835911 , -0.6863194753696048 , 0.6282633551290373 , 0.7670790095298133 , 1.5028159697185879 , 0
0.22912088001173644 , -0.5468881893258186 , -1.2710939086868662 , 0.5904890967260662 , 0.12921650454109188 , -1.03872397922976 , 0
-1.4303025238738947 , -0.0006410682929000301 , -0.1041248172347323 , -1.4618981854444197 , -0.6403967015024208 , -0.668644015346464 , 1
-2.7024899502816284 , -0.6659914245104234 , 0.22865939029751006 , 0.06661195170473252 , 0.9327878867467196 , -0.6200881654079194 , 1
0.3869675558827448 , 0.31694021209687023 , 0.6964409906938076 , -1.754450705249214 , 0.6364218300522445 , 1.632935663039754 , 1
1.4116131988399372 , -0.3673182050122533 , 0.5177427682379512 , -1.4148191450059722 , 0.9028913223635654 , 1.0149004971347242 , 1
-0.29166626078141283 , -0.5532081142667832 , 0.7020049458521194 , -1.2650930477350921 , -0.5901540550534423 , 1.1057005149069703 , 1
0.777036681877528 , -0.23015123217131794 , 1.727244843806791 , 0.20144751839292221 , -1.518840017956984 , -1.1908193372907887 , 1
0.11250249589319249 , -1.047258485657177 , -1.6897183126114688 , 0.1869017051076958 , -0.9360474116908296 , -0.29156773739232966 , 0
-0.514535916961791 , 1.6294132252185234 , -0.3837571933203377 , 0.6141768762321506 , -0.02182243303533307 , 1.4052911201075962 , 0
0.17266312003776113 , -1.1409528968532467 , -0.08418811672324654 , 0.9237914001715557 , -0.0870684133259164 , 0.689041930297931 , 0
1.0118186777596396 , -0.15060502114215832 , -0.3516409793684702 , -0.19349951257573622 , -1.79276069168877 , -1.365252343719086 , 1
-0.22135059611493968 , 0.2495379641203265 , 0.5152382275847721 , -0.51136797168716 , -0.23711829254959513 , -1.3845949660364607 , 0
-0.0937427209460954 , 1.0793097939996148 , -0.5468208743572631 , 1.141761012776784 , 0.0016735496658482158 , 1.157478763576834 , 0
0.5112542985375778 , 0.6892269482781263 , 0.8796479143738203 , -0.8005803852866026 , 0.9325078239523302 , 0.9323293001139749 , 1
0.7588695162792166 , 0.888260273848623 , 0.11143000590779467 , 1.0606252073191431 , -0.530456340403495 , 1.5435711341071374 , 0
1.08967604280278 , 0.3449853597983256 , 0.13818574675870096 , -0.28826844912864485 , -0.7745313595239335 , 0.6646014374840535 , 1
0.06267021570375275 , 0.13120398334984248 , -1.0221007607211126 , 1.1184829523341995 , 0.1731059165424611 , -1.0779929614138453 , 0
1.2221723500275343 , 1.9885989551747807 , -0.9163744593943416 , 0.40248418071491987 , -0.01900647061650583 , -1.2671099619802544 , 0
0.2457554579793607 , 0.7525841516131028 , 0.019322194084986206 , -0.2770108767309322 , -0.15136982881473915 , 1.159992666422663 , 0
0.5193853314012087 , 0.09414256791100574 , 0.8205643130006632 , 0.47930782839428737 , -1.2535475893639225 , 0.7426583335344216 , 1
1.3751945105821715 , -0.33336953707625916 , -0.8710254196264408 , 1.69126606128534 , 0.5376846582307635 , 1.1020857135792168 , 0
-0.8592592545764969 , 0.8738917948142036 , 0.7883341813561653 , -1.4639863478456367 , 1.2154862368537371 , 0.9547834375441103 , 1
0.41907276812732297 , 0.6459546812699107 , 0.2699328946779367 , -0.5476800097546148 , 1.2767251976080585 , 1.1517843988137475 , 1
-0.45640390588559426 , 1.6732515553418736 , -2.119975486639416 , 0.9938088475797425 , -0.11180876375716149 , 1.2091148487223742 , 0
-0.6289481768881251 , 1.0555221798534635 , 0.28466778595517156 , 0.2893266606799567 , 1.0963553309450362 , 1.3674235049819938 , 1
0.9808466546199719 , -0.4807555644263194 , -0.21810955806161347 , 0.9908250858428115 , 1.3045903331498603 , 0.47215275436240817 , 0
-0.16846003509263022 , 0.5019532054648497 , -0.11076037220160793 , -0.6238254724733078 , -0.8951039589842289 , -1.5052625424461397 , 1
-1.9904789553326334 , 1.0239692404356777 , -1.8751450366866529 , 1.3805995179157342 , 0.06525183014591494 , -0.8021365768092619 , 0
-0.2892106172753161 , 0.3041751068146851 , 0.7394567380748593 , -0.04465418483103968 , -0.45701088560677455 , 1.3275199143218874 , 1
0.09966873153547981 , -0.7666814879441376 , 1.1258704929528611 , 0.07070206679253105 , 0.6350562151485237 , 0.8889951681408715 , 1
-2.3054916215823575 , 0.3153945090923161 , 1.372006665746855 , -0.9091706121048163 , -0.7565219743315305 , 1.383335783491403 , 1
-0.19883916902936688 , -0.4310600225896625 , -0.6933256209431322 , 1.1382904752222234 , 1.408705516493268 , 0.06923514550918526 , 0
0.014060377930900205 , 0.6582481521154785 , 2.687080529192993 , -0.4398029532300076 , -0.9786940499794469 , -0.8246977389585858 , 1
-0.47916624364417315 , -0.26820129930625536 , 0.12404538251544821 , 1.4908595428226903 , -1.2490995260118398 , 0.4527992741081304 , 0
-1.3100358428528631 , 0.06010698938596175 , 0.24126504521498127 , -0.5124269685538474 , -0.6284402419011108 , 1.4545771678155068 , 1
1.324335603484261 , -0.17783246686176404 , 1.2152071136506657 , -0.5175079777643519 , -1.1464111694639691 , 0.8655964622444312 , 1
0.44456902491712086 , 0.7865174278359379 , -0.44663586789755194 , -0.9591352801208997 , 0.5692682293534386 , 1.2350278912634869 , 1
1.0708792244116594 , 0.29651874852080523 , 0.22245568080788847 , -1.2462220332508966 , 1.3762236080644883 , -1.015569201131393 , 1
-0.27774897566286594 , -2.084521857705601 , -0.42740822553498153 , 0.7828853754268315 , -1.066012960527296 , -0.32920873178595567 , 0
-0.8380083549052323 , 0.7571928398747823 , -0.9449290975412111 , 0.710650727014306 , 0.07779801762665127 , -1.2708765845726486 , 0
-0.14868921003030128 , 0.09146865881771042 , 1.6762236329355893 , -0.7632955319809092 , 1.0184459739017298 , -0.9600272519680485 , 1
0.5993614073493033 , -0.02291280636870036 , -2.3109102734808196 , 0.8150957340802923 , 0.4749766301204379 , 1.3306248572795751 , 0
1.5952604947092002 , -0.7105821412476073 , -0.40768049081036145 , -0.2147851305321488 , 0.8672320220328732 , 0.9308103364694621 , 1
0.2620764625903272 , -0.37178138903451835 , 0.03690397059761344 , 0.3054320274152865 , -1.0779578930926894 , 0.1207928032592326 , 0
0.05480828178983089 , 0.7111413740604802 , 0.10825029212255247 , -1.0440539911737605 , 1.158360880227172 , 1.2980405898829848 , 1
0.8921725266002383 , 0.6744063897543626 , -0.4382325289651753 , 0.9962630451548516 , -0.5549804929583736 , -1.0004894006124563 , 0
0.209286227982308 , -1.3727818165320427 , -0.5711567968257498 , -0.02487800408358266 , 0.045214471462720264 , -0.7045297325545445 , 0
2.1519257023411282 , -0.5489355774164254 , -0.010743983307061339 , -1.5590501385434212 , 1.6850161396765106 , 1.1070693686160809 , 1
2.629624561239481 , -0.21471250982487713 , 0.4038753606192965 , -0.9988646218006269 , 0.47804959661544005 , -0.9472186595356027 , 1
-0.563467707689445 , 0.6648225313124542 , 0.8275390156559287 , -0.445226099939925 , -0.7382101386781487 , 0.939465047381658 , 1
0.16638378997251116 , 1.473321214203545 , -0.7129378493633227 , 2.419169780855581 , -0.06724728484742663 , -1.0803106510495437 , 0
-0.7001365721792187 , 1.4472961119455534 , 0.4220668019865926 , -0.8388065037784204 , 1.3080180941346735 , 0.6670560742524949 , 1
-0.8008170147183129 , 0.26609003534223363 , -1.3548175845126023 , 1.0330786565906476 , 0.9418022727162823 , -0.20449607561942926 , 0
0.5196776531971811 , -0.03574814045142977 , 1.3681173767386028 , -2.2464101103051757 , 1.4687655098262133 , -0.9542098115737006 , 1
1.7529692777417571 , -0.05392972574843277 , 0.12028589681896795 , 0.10041765970193169 , -0.36709640160440676 , -1.0605110785877596 , 1
-0.07535152978994594 , 0.5213807516657261 , 0.4906712126541696 , 1.2859504318865438 , 0.14640279293009067 , -0.6670388309378679 , 0
-0.5657903785483895 , 0.18876293005279277 , -0.22776848455452534 , 0.40864199625009723 , 0.29585889973709123 , 1.284669614312982 , 0
0.1412223930788988 , -1.2933054589403752 , 1.0042954868247487 , 0.20606776685826853 , 1.277208925400896 , -0.3956884144079204 , 0
0.7120755941257987 , -0.4434337163667926 , -1.3076286699994413 , 0.6379822426200501 , 0.693825999036568 , -0.1973425138290294 , 0
1.6744889317954066 , -3.9635791278380474 , -0.17528003292351443 , 0.7719274868084316 , -0.8111559594272495 , -0.09615576619493144 , 0
-0.6350852809075138 , -0.13497085479169083 , 0.07744806398011687 , 0.5863015117741932 , -1.548860440368174 , 1.0251201091604571 , 1
0.07841850784637161 , 0.1793131341670393 , 2.3526588859249826 , -1.077068754343484 , -0.6938181868958051 , 1.2683747056187664 , 1
-0.31929723250721004 , 0.4020657407184665 , -0.0016312724328181006 , 1.229256494365759 , 1.0328857377502045 , 0.06862932910676223 , 0
0.49430115895546617 , 0.9473174599110441 , 0.44899452183727356 , -1.536280345132166 , 0.8204812550774536 , 1.0101895289919336 , 1
1.9293412954348066 , -0.19118273746616957 , 0.8770425617994196 , -0.12076492519765514 , 0.8989640486631026 , 1.1279717504282285 , 1
-1.5261749414393286 , 0.3606028345925062 , 0.5946424810137092 , -1.7655045642794538 , -0.9784902794687358 , -1.014995828024697 , 1
-0.3073816579993482 , -2.2013551976065853 , -1.5270485059052885 , -0.32893840775384475 , 1.1178870311955866 , 0.318379880436042 , 0
-0.018705091663344837 , -1.1298439193149956 , 0.3469819880473506 , 0.4506446060709465 , 1.0540656558321453 , -1.3222348073964065 , 1
-0.07627822416659723 , -0.5747749923892783 , 1.1844271864954923 , 0.4204915921576521 , -1.0775589115307422 , -1.2633522493082805 , 1
-2.100645538207166 , 0.2946914919947479 , -0.12920769563484194 , -0.11378158448940058 , 1.1301581406550136 , 1.2251587095717862 , 1
-0.020906976979315577 , 0.3982169064109041 , 0.21715227434892176 , 1.378202833572041 , -1.608454105812069 , -0.0034969866902359627 , 0
-0.2270388892542316 , 2.3040523277297154 , 1.964675795301172 , -1.4360302502294604 , -0.6738027847119727 , -0.5567514954638078 , 1
-0.9972397499909839 , -0.4002068752988511 , 1.0853938696179877 , -0.9974379057181509 , -0.3363672878744739 , 1.3362924708628285 , 1
-0.46211603466706147 , -0.25949929785783904 , -1.0654962456597656 , 0.8526243064384417 , -0.46819777285493763 , -0.8831037854540913 , 0
-0.8031902113727211 , -1.1702264407495289 , -1.5170265338475817 , -0.9969146176861975 , 0.14991723914198216 , 1.3937989296598792 , 0
0.3657927061834196 , 3.457783107843281 , -1.4462718890279826 , 1.5085393453111209 , -1.0937091043022034 , -0.197344928582362 , 0
0.2570104559438815 , 0.9134582425731175 , 0.6151031722493103 , -0.6614656512633367 , 1.4563846621202732 , 1.1582818786642393 , 1
-1.7839033975661527 , -0.7370345346928006 , 2.2686059280438458 , 0.025038187929689672 , -1.0288621096705082 , -1.1322293637341478 , 1
0.47008412552978335 , 0.02123270961318479 , 2.8543416398502344 , -0.4892981082264324 , -1.4231936403404082 , -1.1292106344844646 , 1
0.9175388024869466 , -1.0131299670748202 , -1.333281653218949 , 0.6935394912939065 , -1.1130187310519022 , -0.15884839105415283 , 0
-1.232404138903974 , 0.10003483636600223 , 1.2698058741314948 , -0.6382313607380419 , 1.5244621679442523 , -1.1596895893584604 , 1
0.7447248118028811 , -0.9316665897281089 , -0.3483760072079949 , -2.7223841621147624 , 1.5753971558188336 , -1.5048257514534957 , 1
-0.6847531380624375 , -3.065914258806533 , -1.3848271445327196 , 1.9990194396276062 , -0.41543517882010483 , 0.4542827208907397 , 0
-0.24313820333208103 , -0.9075287185319796 , 0.31491711385025845 , 1.358323300615901 , -1.363838023487137 , -0.038974182095096906 , 0
2.1369392601229484 , 0.799426587764802 , -1.1521040571006769 , 0.7859506610813131 , -1.1233740810590747 , 0.2993982385724848 , 0
0.9726230305569321 , -0.6662456221708521 , 0.7786422013514622 , -1.1307165531185894 , 1.2609616517684579 , -1.2678293316954021 , 1
-0.5044214914763684 , 0.6208794733846572 , -0.875139362140194 , 0.09680001629694715 , -1.2273860110258563 , 0.12107040800330512 , 0
0.550339760601096 , 1.2688436060312427 , -0.12181950511981075 , -0.9634117326480777 , -0.6393689066998539 , 0.21303918923418103 , 0
0.1175731563386499 , 0.1794272433808487 , -0.0959311928598381 , -0.928994668783398 , 1.8010893830093224 , 1.1980270920935807 , 1
-1.45139187494865 , -0.8555499922612707 , -0.14930950155018302 , -0.9959866489256968 , 1.1567219496180392 , -0.6653926606606883 , 1
2.7651471048432397 , -0.07150211110590164 , 0.6643543740463129 , -0.8493384556325969 , -0.42815052440760853 , 1.7054364386653973 , 1
0.68922817893534 , -1.3066230472229337 , -0.2832327537798036 , 0.07338213437577208 , -0.20327284753737457 , 1.4885060712209213 , 0
2.0076781434842084 , -0.5392446682314874 , -0.05719416710888477 , 0.18753537765183032 , -1.2599254925398005 , 0.5133952860797903 , 0
-0.2318390139687807 , -1.2074173831776267 , 0.47374978301250464 , -0.1065843213525482 , 1.3754939958101038 , -0.8596340424780001 , 1
-0.7100193436811463 , -2.1991911665627426 , -0.4014873054855287 , 1.4300067601357709 , 0.17480928548862343 , -1.3086713984281846 , 0
-1.9097748114984605 , -1.6134065780824274 , -0.22234256063968838 , -0.7269112152856123 , -0.3416262915944339 , 0.9722611936160183 , 0
-0.6914846764583018 , -0.744950661934041 , -0.20312932984522597 , 0.10701109536283036 , -0.8014862964035234 , -1.2209207005914915 , 1
-1.1673077730231045 , -0.04316022549160978 , -1.238025615802421 , -0.5318825255584771 , 0.8962982732834127 , -0.05938684468136007 , 0
0.7996863536329376 , -2.2364582526581915 , -0.8385925771324224 , -0.42744437746677477 , 1.0408751676118788 , 0.5659925277052913 , 0
0.0019639773709390893 , -0.7228298209177124 , -0.7487523656206777 , 1.65951633303599 , 0.7349603982637383 , -0.24663083081264275 , 0
1.0348523134786272 , 1.1437654064272678 , 0.720034305201053 , -0.7172268948722446 , -1.2366019536782495 , 0.7281088669231198 , 1
-0.33096974814890096 , 1.562170283821317 , 0.3086365463989155 , 1.7082796657074915 , -0.26183380858813665 , 1.0267678638723607 , 0
0.6939882329493964 , 0.6209083870814817 , 0.16735406937734112 , -1.1807785624248792 , -1.3399797314789195 , 1.1562464903023701 , 1
-0.029394371709780345 , -0.46566859524134196 , -1.1871014711099275 , 0.6707340936135919 , 1.3338037071671354 , 0.3409309669938896 , 0
0.025735494495030757 , 0.8627800042198407 , 0.19735318421775214 , -1.0870601266622544 , 1.3625968160755704 , 1.4396946016317917 , 1
-0.7778171500746753 , -0.03449970319212848 , 1.5254312187942134 , 0.38315286487896705 , -1.1600810917999298 , 1.381439131615051 , 1
0.8075255297618409 , -0.46979057261243046 , 0.5760925390157111 , -0.6583752650067585 , 0.6630588317088955 , 0.9440626358078944 , 1
-1.3849602941769754 , 2.1977470137078474 , 0.38552943410358004 , 0.9998072046467634 , -1.1328923933277892 , 0.2810291375129966 , 0
-0.8490206081438325 , 0.39777690571707885 , -2.168894120067495 , -0.7232805316540415 , 1.3685121286871962 , 0.02283490561510429 , 0
0.5517001058934835 , 1.7658608433731193 , 1.2999181639077386 , 1.7194578473318183 , 0.3558780175252832 , 2.0104276700983448 , 0
0.5787461864583492 , 0.8771249406321391 , 0.9022527793040988 , -0.5615597892302665 , -1.1113783715794425 , -0.9839889336113129 , 1
0.2561471441526843 , -3.829988491733378 , -0.012726262327145983 , 1.4532929166618966 , 0.167804919024532 , -1.6441632336304308 , 0
0.18728450985711445 , -0.1746831762605258 , 1.5433363104755504 , -0.6131991172070588 , 0.9803540701847094 , -1.035900558569421 , 1
0.9069831768435729 , 0.26039478621858636 , -0.019817808928140376 , -0.007574424545741173 , 1.1502364134276937 , -0.29254134109113733 , 0
0.6810895689408529 , 0.7270303431880922 , 0.7545548914405669 , -0.18994978868685783 , -1.4315520939526098 , 1.2409958534552235 , 1
-0.7480814018657297 , 1.1248072492052341 , 1.2285499282933976 , -0.8439576379855299 , -1.7561544072628377 , 1.2065620454493975 , 1
-0.43467873912770955 , -1.1164899098342398 , -0.006622312116933315 , 1.3287693177182138 , 0.2774512327541313 , -1.2852422522544875 , 0
-0.039623397339162515 , 0.8741787359148203 , -1.6063136568244485 , 0.4232026321894088 , -1.087112907235442 , -0.18842474836295012 , 0
0.46168899092510923 , -0.5138227139635899 , 0.42646037903235184 , 2.0061188919746367 , -0.38900253736576645 , -0.7123176016317379 , 0
-0.6538644731364167 , -0.015827528790488314 , -0.058116743048106274 , 0.407206372061244 , -1.3496082030182288 , 0.9654681315117936 , 1
-0.6384723784853855 , 0.8489374045124394 , -0.2683783871904385 , -1.0509783293811452 , -0.910351144111251 , 1.2067533699157293 , 1
0.5909895040114518 , 0.31208028549855027 , 0.7132175164473561 , -1.1595985603687846 , 2.099114550090762 , -1.1744280468348585 , 1
0.8167017473717011 , 1.3395223124626805 , -1.2173608360725738 , 0.5909452845177386 , 0.8371615838758488 , 0.14971482275329565 , 0
3.055416607052334 , 0.05065787772068033 , -0.046280464225527625 , 1.5993900420144673 , 1.4246426841260262 , -1.2470697733012714 , 1
1.3473917609517063 , -1.0634662980901883 , 0.7183224148228128 , 0.6407821221265789 , -0.05294257647869512 , 1.4898651023024467 , 0
0.27711640485536226 , -0.14268533493547714 , 0.30219839666862663 , -0.8373185934416241 , -1.1807768862493841 , -0.6784492390909023 , 1
0.06374456592895104 , -0.45569213782407453 , -0.15766581151213532 , 0.9474881953965165 , 0.05587695600664707 , -1.3545474687584973 , 0
0.9814914281620585 , -0.8457198309131618 , -0.7598142746387092 , 1.1760039038148329 , 0.8517209336172555 , -0.28122907274628534 , 0
-1.4055378646189625 , 0.08093019589690001 , 0.7518679627908111 , 0.3867216364249654 , 1.5630886733380882 , -1.5099395541504628 , 1
0.005107756773932977 , -0.034205070650864734 , -0.6365015095802711 , 0.8064175383474864 , 1.4864632713469208 , -0.24723926009588987 , 0
-1.5482977595283782 , -0.20165206144399878 , 2.35889692659802 , 0.7672090623399915 , -0.5020204635056124 , -1.0019102060183638 , 1
0.8104176806130393 , 0.44376148351170447 , -1.460871322376591 , -0.31970849163513315 , 0.06671666515322859 , 0.9006921747506828 , 0
-0.09106344211891328 , 0.3854223398166644 , -0.3046749675601228 , 1.3054530167539244 , -0.8247987065780188 , 0.6807901995196015 , 0
-0.742548975268685 , -0.9401243839293832 , -0.677208371263391 , 0.7310330719508491 , -0.41395327230607015 , 1.334583129263183 , 0
0.8813628826828056 , -0.7582390825734168 , -0.9741286000841691 , 0.3565840029546435 , 0.5669505000145744 , 1.7047638161706538 , 0
-1.0978931949918895 , -0.3667849559122357 , 1.0156211801052477 , -0.5189767035570911 , -1.6843734857012254 , 0.7018139757449906 , 1
-0.392309817880751 , 1.2662774754070134 , 0.8999682008748415 , -1.535102029008753 , -1.4272068274596605 , -0.5041336885677022 , 1
0.17300792247686272 , 0.16309653219985598 , 0.05766986450057091 , 1.1238163159308632 , -1.5167457845022816 , 0.2689691291460778 , 0
0.38568666007574653 , 0.5497431096387926 , 0.21288163177798416 , 0.35850023795669433 , -1.834647199714737 , 0.0479327021796847 , 0
0.5249996918285155 , 0.5563809456171721 , -0.2993924086988958 , 0.5569180558370717 , 0.005425050228553118 , -1.0920360412232095 , 0
0.34872956081660167 , 0.8130306125392837 , 0.0739517249522219 , 1.3205780336281705 , 1.1548159814168795 , 0.3350854001967794 , 0
0.6691789286548484 , 0.7310879119693228 , -1.6022366509650574 , 1.2046036570613865 , 0.9451263412077003 , -0.257974135214804 , 0
-0.09323352089537293 , -0.33336564772743044 , -1.0633584325968986 , 1.1006324904218738 , 0.8967214473855796 , 0.27534826519562916 , 0
-0.533126807817667 , -0.5055293595316919 , -0.5663121945682319 , -1.3791891050395229 , 1.3361054573471367 , -0.7882106447004017 , 1
-0.4150885348844136 , 0.10071916491434048 , 0.0190342481977357 , -1.56408973707354 , 1.3654035065447334 , -1.2436930377308202 , 1
-0.6752393644675316 , 0.17811073194960758 , -1.128121230211103 , 0.2964201669895847 , 1.5058198792182869 , -0.2759645545664773 , 0
-1.3854580756662485 , -0.4947531700957357 , 0.6073338957931178 , -0.9531815592419716 , 1.4817489843855367 , -0.8656666345345002 , 1
0.4200109314853348 , -0.08503274879121851 , 0.6749857514392925 , -0.9826397197739782 , -0.8303121895107638 , -1.0602995690922568 , 1
-1.4850488707901564 , 1.2812908736453843 , 1.727448628896631 , 0.08052638379653054 , 1.1063510630497853 , 1.3147269522182201 , 1
-0.7694983300654644 , 1.9573773583676244 , -0.7230594467861626 , 0.853434464658124 , 0.20076701522266394 , -1.3192463969012351 , 0
-2.626451122581631 , 0.24294187428585895 , 0.4998292589396119 , 0.1956040296394392 , -0.9648904650702734 , 1.143247695727722 , 1
0.521668201363192 , -1.3990550768017114 , -0.5520802577769259 , -1.4905963824042037 , -0.06498293626983155 , -0.9600945200129063 , 0
3.2251882163178758 , 1.3388942603950058 , 1.3058895915324193 , 0.33090669195858213 , 1.550127546780892 , 1.620132606868247 , 1
-1.3421375128145516 , 0.4183726733825866 , 0.5224418678066477 , -2.6174720586944455 , 1.2774766114823521 , 0.8260094048899168 , 1
-0.9484297713054554 , -0.5006974613949704 , 0.518676248363899 , -0.4870187044220291 , -1.1048571277139154 , -1.2864097889745536 , 1
1.5655689000306534 , 1.467888564381648 , -0.6770067957817497 , 2.299434375906219 , 0.7024329904075037 , 1.3067063870393258 , 0
-0.3090648139588927 , 1.3197693042422987 , 0.014712694937774905 , -0.09272515657524372 , 0.6308905211744024 , 0.16283440464811208 , 0
1.086942186465669 , -0.06823700410083718 , -0.2822227565689339 , 1.576481462686685 , 0.13953993587117933 , 0.8012572648088983 , 0
-0.42481566048060276 , -1.7565580672497851 , -1.7984686398526595 , 0.6564851015978718 , -0.12815953353919618 , -1.179928237145771 , 0
0.428251548180032 , -0.32743941482935146 , 0.6376927278703666 , 0.748872305178146 , -0.3067031931373658 , -1.1810569572731138 , 0
-1.1095867610039272 , -1.2063018966701462 , 0.5674188490186215 , 1.1057047441123065 , 0.2233103587295021 , 1.1723432775775886 , 0
0.7119059610934704 , -1.5234319969526047 , -0.5643822366805772 , 0.6611627899044124 , -0.8071712731447347 , 0.09491924823297576 , 0
-0.03881398493358369 , -0.004398976015318158 , 0.5658862703207711 , -0.41490260964304326 , -0.834368823601205 , 1.1909735765100908 , 1
-0.9495075241754108 , 0.5804562844800293 , -0.18076672010173897 , 1.0375961219482224 , 0.37224421576958566 , -0.10659474936590722 , 0
-1.1676033890904514 , -0.20773348965908042 , -1.0362884553111449 , 0.8571305953716276 , -0.36736320413313717 , 1.1897719420749913 , 0
-0.8728881414940545 , -0.2344989408463899 , -0.10922667892510464 , -0.6630555418608665 , -1.3411294106806952 , -0.8778396127913705 , 1
1.4589357483097998 , 1.5419852427796519 , 1.0607997887037595 , -2.1570128183820922 , 1.724376329837249 , 1.5052274367906238 , 1
-0.05213748645415064 , -0.6521128243446188 , 0.03495409415602565 , -1.338057043538737 , 1.0106708511541935 , -1.1409036011957945 , 1
-0.825227655258915 , -1.3704459221853493 , 2.0295779710957187 , -0.11111415272667109 , 1.3985564314805061 , -1.0394357575140407 , 1
-0.1265186491021384 , 0.02631031106563122 , -0.9404753556503304 , 0.11824178564716385 , -1.0795139017252477 , -0.4408383846622953 , 0
1.7811912142742146 , 0.7079246747070088 , 0.48835433320281746 , -0.1112622982370272 , -1.1267889011216814 , 1.1554264600658988 , 1
1.2084774625937267 , -0.49531523539919436 , -0.8726039215217051 , 1.870122329872049 , 1.5994282269481377 , -0.09458405319439926 , 0
0.8379381794776252 , 0.9902585068555676 , 0.5439406807684902 , -1.5865954602896877 , -0.677149710693146 , 1.1645155419286233 , 1
0.5463659021558931 , 0.241756457102057 , -0.5845480979240834 , 0.25896921252378396 , -0.0401969779920203 , -1.3180626016816146 , 0
-0.12383738811178381 , 0.811713075133293 , -0.6333369913451192 , -0.25861966051824353 , 0.887822539889159 , 0.4024238058349295 , 0
0.7954310363584495 , -0.8429875741686396 , -0.24978200934844466 , 1.0925974479647564 , 1.3835401968308851 , 0.25448288837831795 , 0
0.12554886567916435 , -0.32781616411084114 , -0.5543686474049072 , -1.0817091980948985 , -1.1676986895111465 , -0.8699410917365582 , 1
-1.1327071009729535 , -1.4038390366324438 , -0.3620166728098013 , 0.0017384336029092405 , -0.9896703872792496 , -0.4620892593998332 , 0
-0.2755931834468299 , -0.5237217910118347 , -0.13582638525117324 , 0.04315542703915592 , -1.2743009445749627 , 0.2949334554617133 , 0
0.12497821785142464 , 1.3247649501765024 , -0.16362805156169247 , 1.138395720843093 , 0.13066567368713902 , 0.487178755116529 , 0
-0.04511098905645589 , 1.0506924099218893 , -0.9409046553935092 , 1.3023644838284534 , 0.1019299751478383 , 0.7567712047055886 , 0
1.069482152149004 , -0.3640194608887148 , -0.4062951061646646 , 1.716210787011439 , -0.18760061900386277 , 0.8543385228238216 , 0
-0.642968418070263 , -1.7390785205838346 , -0.3134775565666233 , 1.4139501632701044 , -0.6918014264055891 , 0.9926864476185038 , 0
-0.038713439866929586 , 0.8040963257301555 , 0.4769284882982492 , -0.7185007282169655 , 0.8373717616368461 , 0.8473236551957523 , 1
0.06714874859989053 , 2.360194139859539 , -0.4357186207543539 , -0.5603091223583909 , -0.2409590483339803 , -0.5122055719957778 , 0
0.18050494278171197 , -1.3257439066947836 , -1.0369565947481185 , 0.7952755761181333 , 0.9074349052346515 , -0.14585660781764756 , 0
0.4482471647143623 , 1.2996626332022108 , 0.3536152806167629 , 1.3216295212982063 , -0.017013568618056817 , -1.2452540552416425 , 0
0.5968545361906474 , -2.2645093303742776 , -1.1798583860958631 , 0.8156447895608375 , -1.336452114982103 , 0.6560206481679988 , 0
1.1580780062623706 , 1.093617568941616 , 0.05941960865327733 , -0.2688217769980456 , -2.0331366932925077 , 0.30842492835288426 , 1
0.1772767442736359 , 0.28627018964182466 , 0.7789382744568554 , -1.8159333238544686 , -1.0090706277561479 , -1.0497009032360454 , 1
1.3760497528293425 , 0.9864089694700124 , -0.2577640668221904 , 0.11374097354021839 , 0.9081300243296941 , -0.8413107703623044 , 1
0.2647759521573556 , -1.180051824180889 , -0.3633262821136487 , 1.6063634055641132 , 0.6224211663036169 , 0.2274988503262482 , 0
-1.260745137769551 , -0.4595805500310878 , 0.22542232342156776 , -2.088721068782954 , 0.9743352733951014 , -0.8846582627884273 , 1
-0.14120995522756832 , 0.9629224694748745 , 0.1709077657474325 , -1.9474676567685585 , -1.3164820077850272 , 1.020123470181527 , 1
-0.4375600268618037 , -0.6174662181591855 , 0.5823510926142256 , -1.4576186010150576 , -1.034779908106656 , -0.4585388978362634 , 1
-0.46411097354223024 , 2.0278602716862335 , -0.10176981198412147 , 1.2233389208733583 , 0.47655879102025284 , -0.7717011423489181 , 0
-0.7928450707509244 , 0.38869184896158054 , 0.13854388925742675 , -1.3816795795153687 , -0.8631000683249306 , 1.3278958482796963 , 1
-0.33841733287499554 , -0.31442037891943636 , -0.847546016977303 , 0.9880631757904633 , -1.3350914595088337 , 0.04367474002258122 , 0
-0.39009699758217065 , -1.2677533477929415 , 0.19483352809409515 , 0.4594088302618594 , -0.1298445731012647 , -0.8128643407847378 , 0
0.7831710520056312 , -0.5638550915354131 , -1.2147304773843768 , 0.6601628071830865 , -0.2798178137257133 , -1.0778411698336516 , 0
0.7252731866107368 , 0.35581884253358453 , 1.0508505112411264 , -0.3779477991758992 , -1.3375369693894845 , 1.2637530058601698 , 1
1.0537773092320035 , -1.0481582207113438 , -0.5103321189062415 , 0.9573748226833324 , 0.6839270636353465 , 0.030118325142999443 , 0
0.9683349857551591 , 0.46816300091073965 , 0.5675688412407683 , 2.1738267638340054 , -1.161814044317361 , 0.46148676942457323 , 0
0.6817873529561164 , -0.5905618144406839 , 1.531135306083199 , -0.9049955447043231 , -0.9804248002278448 , -0.7776401327934412 , 1
-0.4718655593509428 , -1.434670460516563 , -1.1749586879647447 , -0.6135014386565878 , 0.19677307851285825 , 1.0295888376875186 , 0
-3.181894837810859 , -1.0461953602627336 , 0.5698313769576866 , -1.2387780123338537 , 1.386658872549801 , -0.8210423065813474 , 1
0.43868971656293576 , -0.8225067942985176 , -2.0774223049609404 , 0.6687758257511716 , -0.0045211876672698464 , -1.118347527035723 , 0
-0.6327809788432512 , -0.406013036726405 , 0.45422696285456854 , -0.1928911307636387 , 1.3922096356570959 , 0.9017742513508188 , 1
0.4749438212302008 , -0.35316458348377466 , -0.21528329161403842 , 1.3460382377075226 , 1.1811887925420645 , 0.22361148436613645 , 0
2.2149776041277813 , 0.7594658844526108 , -0.08084338148539906 , -0.6409269010784693 , 1.5496626149117627 , 0.7110123194406599 , 1
-0.6725191756609956 , -2.0878433679547235 , -1.1299971427901192 , -0.128944763250599 , -1.123187396293674 , -0.10044697163467833 , 0
0.0370038846673861 , 0.3564253853116664 , 0.19872660416351057 , 1.058736953678537 , 1.0683413733480043 , -0.22461509860351705 , 0
1.500828623582043 , 0.5065705063718342 , 0.37271091184607447 , -0.15784041881357022 , -1.3150041862888129 , 0.739248448944024 , 1
-1.4042561327959018 , 1.7562167029918132 , -0.22035118646851637 , -0.8434589614862072 , -1.193271005395538 , 0.778786252000459 , 1
0.8709488350510282 , -0.1644424881140367 , 1.1143486099556312 , -1.4140150834240892 , -0.7508809780253687 , -0.8582160532666063 , 1
-0.2376475928275692 , 0.763161092307564 , 1.9955688496780175 , -0.17331374786867043 , -0.8495420234349046 , -1.081719469305759 , 1
0.1316590317864992 , -1.3922606030956226 , -0.05599723241003563 , 0.4284191276407947 , -0.08569505950357857 , 1.2211592938483866 , 0
-0.3822361502517679 , 0.19861364592870334 , 0.7595251791558055 , -0.344352215451566 , -1.471994143948642 , 1.2186207290435829 , 1
0.07695185643680692 , -1.9454360059943459 , -0.6363128781506997 , 0.23534428794507561 , -0.16677164916078602 , 0.8115718044059688 , 0
0.6055719431665633 , 0.7501221922643136 , -1.0091366622607125 , 0.7952271345502374 , 0.6244502661020349 , 0.06322491254123537 , 0
0.19935177402495494 , 0.28376161053148385 , -1.9575123321797794 , 0.7029680851206115 , 0.8890965398162908 , 0.6985724389950405 , 0
3.3848146643914188 , -0.1313725749342126 , 0.9153815769247613 , -1.2784110725873663 , -0.865466700016447 , -0.840943109014403 , 1
-0.23871508133427066 , 0.2415533774505662 , -0.6196454820285745 , 0.47345068162632814 , 1.345645962080058 , -0.02335172931426516 , 0
-1.2371364135320417 , -0.45659030207164336 , 0.5846682660494027 , -0.5999192470993222 , -1.6915919730809497 , -1.6891028292571766 , 1
0.11915490045679132 , 0.08151349913209627 , 1.2478439705029238 , 0.2414150165428829 , -1.457081873288819 , -1.5383824994867987 , 1
0.21446651919424903 , -0.712596563349829 , 0.8819088924421824 , -0.7847268533829533 , -1.1252171506540096 , -1.3257452647606518 , 1
-0.20606765240836952 , 0.9299211029486225 , -1.113584242844628 , 0.48207481789953605 , 0.3842491138882645 , -0.7229997662068183 , 0
0.5499777085584768 , 0.5409462357856004 , 1.6406340850066585 , -0.49441101198660786 , 0.9851716643315537 , -0.8939317975282468 , 1
-2.6739219890128996 , -0.9185006048480306 , 2.0209199701100933 , -1.8639765016797833 , -0.6930781205020515 , 1.1228804482783865 , 1
-2.5501753212796237 , 0.5702655263341176 , 0.22440462373077352 , -0.6030732079645588 , -0.8610645414509394 , 0.8509580449117954 , 1
-0.11491677009487213 , -1.0601631962372808 , -0.3635024353681213 , 0.9293150353795838 , 0.2925416398907008 , -1.1021857031381237 , 0
-0.2595514914388022 , -0.23702502429777458 , 0.09774665669006577 , -0.12859899689580495 , 0.7434935344967806 , -0.13059257126459423 , 0
-0.08595611773376041 , 0.37711593459510095 , -1.5181665330951617 , 0.4099408476237719 , 1.0606795651807186 , 0.1492191714871736 , 0
-0.051616858806715744 , -0.11376513267036986 , -0.046803386690784245 , 1.0193606547537188 , 0.07393706344239864 , -0.9506274838205677 , 0
0.35287732585539106 , 0.49666719349214616 , 1.8913382176286961 , -0.9865375343462189 , -1.6767695344376188 , 1.108748575325982 , 1
-0.09110245991653566 , 1.2057367253507236 , -0.9875780534698866 , 1.169214641019951 , 0.8162779766308622 , -0.06375616399941743 , 0
-0.6455496218664232 , 0.2602870523399766 , -1.3868397982489595 , 1.0654196661163458 , -0.23573720825861247 , -1.2295551903054232 , 0
-1.341591151956965 , 0.811456160477399 , 1.3370198427814366 , -0.6894074279909099 , 1.1173905700916908 , 1.3209502444847694 , 1
-0.4142892587637472 , 0.45375210728832355 , -0.19493399408870515 , 1.5172119520693756 , 0.14777920459129304 , -0.6943975193022434 , 0
-0.10439307176321753 , 2.4039989851458308 , -1.342033916421392 , -0.028248726025044815 , 1.1516077530088267 , -0.20682809074267333 , 0
0.6642088538444362 , -1.1793565434505175 , -0.9508931650751707 , 1.669885057080423 , -0.17249651604077518 , 1.1728350200463173 , 0
0.5434056769049428 , 2.2354836097927797 , -1.377434965349624 , -0.29828806050749723 , 1.318447679128722 , -0.37460096114271296 , 0
-0.6571202422724195 , -1.225611563002379 , -1.7643830319532237 , 2.48815822939141 , 1.2572951579583667 , 0.14747543711935368 , 0
-1.4469856175259324 , -2.3087168315760493 , -0.09161329099590693 , 0.21502976175086572 , -1.892358731640618 , 0.802716681962543 , 0
0.7088342845744937 , 0.02288232550090675 , -0.5981843229966565 , 1.5361205928368387 , 1.1430208411162144 , 0.369520047992106 , 0
1.9676447630077214 , -0.251337708597917 , -1.2550650280738054 , -0.3240829142481941 , -0.034324182262146626 , 1.4871616691806084 , 0
-0.8761555654710526 , -0.8849504974126504 , 0.7086268083865603 , -1.0979794489189725 , -1.3229609426477382 , 1.1509296032101248 , 1
-0.18275471882083025 , 0.8568301884685778 , -0.3415156322646509 , -1.6785722602532283 , 0.7064849180773983 , 1.269463014708389 , 1
0.39350040186817936 , 1.2951499822229975 , -1.0010707235276104 , 0.17661789844873813 , -1.1810033321412101 , 0.013550876997676464 , 0
-2.0158046020367486 , 0.45081658348378056 , 0.7987057667049359 , -0.6114080101884433 , 1.3476022436671253 , -1.1291246733591296 , 1
0.2755258254835056 , -0.7074502552272903 , 0.47640829189329736 , -1.074521296012752 , -0.9772980756728128 , 0.4038449426313146 , 1
0.26210356846446314 , 0.5224739900062266 , 0.2276512276955508 , 0.15036149502673793 , -0.6170704155527184 , -0.6825497102569626 , 1
-0.16919270122713345 , -2.3372010564943397 , -1.84302415178988 , -0.6607382212152829 , 0.6414415824551049 , -0.9377123762063451 , 0
0.34059473829096526 , 1.0060443032571584 , -0.6129354799510968 , 0.19816776612550643 , 0.22269958001849727 , -1.2366606280124535 , 0
-0.8791014876422036 , -0.2254721521225583 , 1.4541070359652821 , -1.3709291279003528 , 1.130809916864632 , -0.5561238974263569 , 1
-1.0015927153676862 , -0.26492251755438606 , 0.3240680412493221 , 0.5997958006096094 , 0.9201869920104754 , -1.4945825871439475 , 1
-1.4502195808594953 , 1.1838988201417358 , -0.8119889808493371 , -0.6291735908225021 , -0.7961543209653889 , -0.736223790224893 , 1
-1.5436971166682172 , -0.3781883113245276 , 0.42159937006242043 , -0.9773179491416231 , 1.3332178299931956 , -1.3756532124696643 , 1
0.572944840625866 , 0.7714986038551479 , 0.9751638955271629 , 0.20035261058090273 , 1.674986067342822 , 1.231550931892664 , 1
1.510922198900159 , -0.19762047913007472 , 1.6360437030980164 , -1.0095635042352957 , 0.5731930024082129 , -0.6782392528642731 , 1
-1.4376038198822363 , 0.29868320964693573 , 0.420952607540495 , -1.2091506706778163 , 1.5622779325200868 , 0.8708551403131337 , 1
0.4252251393713594 , -0.7812351676161117 , 2.4916700724412926 , -1.4776407117442543 , -0.8574232180244618 , -1.5177192045151058 , 1
0.055865339971285344 , 0.6893266804305107 , -0.6572196454745893 , 0.34744820207623056 , 0.6507069167716717 , -0.09982622292013274 , 0
0.8331875744636146 , -0.35308196024592103 , -0.20371594484643318 , 1.0374487995990684 , -0.3461445563033299 , -1.5243108925154758 , 0
-0.16976098286449476 , 1.3590113578478256 , 0.11958454155756036 , 1.3482431196329858 , 0.2743226827526122 , 0.8144980692393916 , 0
-0.7238175776973133 , 1.081715826470213 , -1.157356500894243 , 0.5182066692726137 , 0.11671577111179507 , 1.3197663354760358 , 0
0.6050232702737005 , 0.5090811235579332 , -0.3849176792019087 , -0.31109837237495414 , 1.8832967597256585 , 0.25422273096267933 , 0
-0.7063802682545223 , -1.2536878377250666 , -0.8513389802566159 , -0.7577343375604028 , 0.9380026539592851 , -0.0365907429347821 , 0
1.1893330311144037 , 1.8130022527273815 , -0.33126108295385 , 1.6132458516676382 , 0.3622687579267748 , -1.3834517268156572 , 0
-2.0854781818041705 , -0.37067276806495025 , 1.091571409543796 , -0.7782827755020872 , -1.312033057395975 , -1.003129596839815 , 1
-0.7911449901824478 , 3.0052695835631065 , 0.30961889778007506 , -0.5874131426476166 , 0.6769634372333084 , -0.8979710119733809 , 1
0.38625656067541 , -1.0401474200972793 , 0.9389524799086683 , -0.8892074469472855 , 0.9316041820948838 , -1.1096972882774658 , 1
-1.0379415359956017 , -1.1378078759970958 , 1.14268076871921 , -0.7536445826385549 , 0.8486357898929974 , 1.2870712487816778 , 1
0.5517599390593563 , -1.1878955492256205 , -2.044975141183508 , 1.002175424980911 , -0.11476118917328176 , 0.5717109671317702 , 0
1.4858847411672194 , 0.3859193638979723 , 0.41716193866488593 , -1.1993321296132817 , -1.4453889368576731 , -0.761676130260758 , 1
-1.5548403263506194 , 0.20587601505529887 , 0.6929747558257453 , -0.257650690303794 , -0.6564656978379374 , -0.5400427379916622 , 1
-0.6623054188056369 , 0.21279332416630625 , -0.47402883868835144 , -0.3535756779960511 , 1.091578280134603 , 0.8447868236041947 , 1
1.332105832138667 , -0.6025175897122133 , 0.23327412046421991 , -0.3720771026274945 , -1.3704037821372008 , 1.2829874324960322 , 1
0.5310108913373339 , 0.9892530796086119 , -0.057647415973222406 , 0.8553544283826002 , -0.057214437473033904 , 1.670273856470723 , 0
1.4239011788075362 , -0.11669434468367332 , -0.5318399566287256 , 0.08389646365180309 , -1.6437828799349594 , -1.6297125705660105 , 1
2.0893224142521007 , -0.44020921270088903 , 1.188824162450304 , 0.46935755583730115 , -0.753623485069417 , -1.5921703068219117 , 1
-0.47374227262225244 , 0.3001340405818512 , -1.3108362897221453 , 1.540298953947886 , 1.2609063181076285 , 0.2690922065440154 , 0
0.5116291954030625 , -0.5210576200267681 , -1.6082942089457197 , 0.13956649282729489 , 0.6435004574100207 , 1.3254892481249538 , 0
0.6669390785013721 , -0.019610191738932203 , 1.0929914210953302 , -1.1984741776516306 , -1.0163340158160405 , -0.9850563484954329 , 1
0.4550425595569338 , 0.731984940617218 , 0.4172238693326207 , -0.7075325353880895 , 1.256868609042464 , 1.2717002305594503 , 1
-0.18213322265209628 , 0.6558619280981615 , 0.1298406092896427 , 0.42630709798504696 , 1.4490851145958703 , -0.19499407249869685 , 0
-0.6257496488688515 , -0.1504436434084638 , -0.8031129704829518 , 0.6834602406064251 , 0.767348187103097 , 1.583550719572646 , 0
0.16137010877894767 , -1.3015113836961383 , -1.352681294996435 , 0.6036723260738874 , 0.09243536100496282 , 0.7677535097619731 , 0
0.20201167698281056 , 1.9242202614682362 , -2.3711479316009814 , 1.4052117211925317 , 0.91753528090652 , 0.031731123060604396 , 0
1.169800711440967 , 0.09223268090179815 , 0.2477122654003531 , -0.609244776598051 , -1.6243680603438897 , -1.0554596483249188 , 1
0.03270523832978019 , 0.33846291587936594 , 1.0164113451538734 , 0.11256317688490995 , 1.628389764524311 , 1.0142662717962718 , 1
0.153931672050279 , 1.4423465993522857 , -0.5489944601625906 , 2.037765353609738 , 1.128251866616329 , 0.1809480329534531 , 0
-0.11750079965871235 , 0.503376413214198 , 0.10029063273720883 , 0.3157530835415246 , -1.6158399464422093 , 0.1029562703596033 , 0
0.7496058880506994 , 2.074792220884282 , -0.9089119278511866 , -0.9675244110608706 , -0.21289468599659575 , -1.479799501119489 , 0
0.2197670775413985 , -1.5025400442231782 , -0.852980688063623 , 0.14196412903904265 , -1.2171144062618757 , -0.6309737202480977 , 0
-0.3140278726272082 , 1.126975385989954 , -1.0019348163002664 , 1.3333077745186903 , -0.05258187452808505 , -1.6051791769768653 , 0
1.125612120022243 , -0.18424466504676637 , 1.0093945829262434 , 0.538571836774349 , -1.8427758180738352 , 1.4950542474923025 , 1
0.7086259287684308 , 1.1939799841731127 , -0.25325603187546225 , 0.5786716980922817 , 0.02753031182435088 , 0.9116749551167809 , 0
1.6697145742087065 , -0.44989238360615924 , -1.4720062116190673 , 0.5711705539561154 , 0.273004089924014 , 1.1595535813959315 , 0
-0.5033053385864357 , 0.8281947608219484 , 0.9789208038535756 , -0.25189800077827595 , 0.5780776601920776 , 1.5042591808367773 , 1
-1.4958511449356193 , -1.0243588071064562 , -1.4027474422281225 , 1.0524286660336382 , 0.9669870410731056 , -0.576634780976317 , 0
-0.22182751421588245 , 0.3551976450946835 , -1.1012712797812636 , 0.25487251169688224 , -0.790504839552667 , -0.2049849115092599 , 0
0.5799226766737573 , -1.9800884755528867 , -0.7467647690704972 , 0.44431455809628934 , -0.7045359189220619 , -0.7591581887900858 , 0
0.1924219902737718 , -0.2151527830996812 , -0.7905088772609241 , 0.9909540871934426 , -0.019689596489269167 , -1.0137281153848536 , 0
0.7835671963220134 , -0.7113259007988262 , -0.7950581867234454 , -1.8722384305319448 , -0.6169670420262791 , -1.0369983787134947 , 1
0.5413605338599138 , 0.03149453235893477 , 0.887262176390242 , -0.5927545835997104 , 1.041829353954598 , -1.0227197073487428 , 1
0.6878511170982339 , -0.07342291059688151 , 0.6681275601457464 , -0.936224091937456 , -0.9814078514336192 , -1.213292590891914 , 1
0.45233128734633066 , 0.7637242292631535 , -0.029734866156940744 , 0.457333381883932 , 1.076051633419037 , -0.9690756452283145 , 1
-0.6909234331794653 , -0.24510196961054814 , 1.3950534088055215 , -0.7065159905143388 , 0.6294336732120864 , -1.6183433785536294 , 1
0.3399216359093609 , 0.19689607971435785 , -0.9193367910671235 , -0.7861764887613367 , 1.7091281144426589 , -0.2910346715813894 , 0
1.7401241774672476 , -1.7599265949813168 , -0.5596812210030851 , 1.2034964819010783 , 0.6587708589771527 , -0.1678523423654825 , 0
-0.9188219918418125 , 2.976630728683484 , -1.4651582836465114 , 0.6723718608707087 , 0.15104737407310553 , -1.359798861785457 , 0
0.49303668044667964 , 0.4110921330677305 , 2.1465306850664416 , -0.20479977730513652 , 1.2760007302866185 , -1.029509471243307 , 1
-0.09261905812969114 , 0.861066587728824 , 0.12865477070447479 , 1.2629009136561435 , -1.3172297077952826 , -0.19046394371775763 , 0
0.8183709568694746 , -0.664482554236466 , 0.8105032023285698 , 0.08974490026404829 , -0.9212005984175168 , 1.187494958779312 , 1
0.7657507258681452 , -0.9694093037229987 , 0.8672259452712943 , 1.6653877891195061 , 0.6402348005354541 , 0.3921062621415669 , 0
0.36315576777411085 , -1.9947926618749372 , -0.7826136569282994 , 0.4958071873349912 , -0.25032362275773584 , -0.7350752072460879 , 0
-0.9745145174493809 , 0.8830037359524198 , 0.8426661078342238 , -0.8807272853460664 , 0.5200644742972842 , -0.9771832401745945 , 1
1.4928096772153057 , 0.47736034952027834 , 0.6925539035339768 , -0.7110370099506534 , 1.2589855504825171 , -1.155781570160489 , 1
0.6980057945098392 , 1.1963194947246787 , -0.5284578575239894 , 0.6050644435082647 , 0.2734452329412249 , 1.052105827743316 , 0
-0.5831423146252808 , 1.1969648855577606 , -0.48386329105175235 , -0.4237611300548673 , -0.6318696413744748 , 0.08328552612418089 , 0
-1.3823391706777175 , 0.04296164717762227 , 0.05849590154887512 , -0.31536465915414286 , 1.316935379049281 , -0.9757153846895522 , 1
-0.5051942201164221 , -0.004119544013553704 , 0.04783245084611506 , -1.2714362053234527 , 1.023627655938989 , -1.4193083391082193 , 1
-0.7547095101180832 , -0.5267633189573688 , 2.1809613832370167 , 1.3376809227436113 , -1.530628441683647 , 0.7203836658903546 , 1
0.7715309592035462 , 0.5053711514012128 , -0.4792466656928055 , 0.1023753275105169 , -1.565195294904431 , -0.9028414663814939 , 1
-1.7155335193548584 , 0.32260513149788933 , 1.1176444641242431 , -0.0353953105005805 , 1.0794073761614678 , 0.9965511426845116 , 1
0.28149149488308567 , -1.1292759543084037 , -1.9988807965296924 , -0.30630701707661756 , -1.2708450558211388 , -0.3366574453302856 , 0
0.5099273807483151 , 1.0098423435059243 , -0.7433839200087536 , 0.762448617210167 , -1.5839891374109596 , 0.19474295924131138 , 0
1.2510923418589466 , -0.9271551209320618 , -0.5404506247845784 , 0.8246368682291589 , 0.7492065097492858 , -0.3086848433458895 , 0
-0.05939094032305901 , -1.419436630223659 , -0.9266964595698794 , 0.5699400183861262 , -0.1935668042849216 , 0.9429346685548666 , 0
1.7200143993526276 , 0.5033923235011054 , 0.8338397630423214 , -0.16164016738918427 , 1.0009018086618542 , -1.0886408811578347 , 1
0.2616600308753499 , 1.8065518425503502 , 0.1402497138532377 , 0.6495857322292401 , 1.6580746298271853 , -0.5529698030916846 , 0
0.3098386274449341 , 1.582163207967751 , -0.8221224041216973 , -0.20639385802957239 , -0.3246656815141229 , 0.9682184830740597 , 0
-0.6706490068031203 , -0.0142981293589867 , 1.4414610402126442 , -1.2564671106935186 , -1.478079741049748 , -0.7042099064926828 , 1
-0.5033099691013324 , -0.07734348625043692 , 1.268497515934582 , 0.5972457015788288 , 1.3338682553110774 , -1.6127338732048817 , 1
-0.231574973560238 , 0.20969977778561957 , 1.848328468911353 , -0.5975122765694272 , -0.5562985840036696 , -1.12828279490331 , 1
0.22902147270501041 , -0.0853394920676818 , 0.876100258152535 , -0.36513006506541557 , 1.1198171115321 , -1.1435111185626896 , 1
-0.15809953670877197 , -0.20102645875791675 , 0.9262459981434455 , 0.3853653306691647 , 1.021078973825319 , -1.081242452680906 , 1
0.2808179695239234 , 0.3275787904145545 , 0.5375352085181518 , -1.5179630751865885 , 1.4477857008142998 , -1.1513691810796127 , 1
-3.224273623715236 , 0.5476086747508414 , 1.7265743036259393 , -1.017656141687345 , -0.6506538913030845 , 1.130204736134455 , 1
1.1681144700134316 , 0.3550349217521844 , 1.0983579174808507 , 0.2551541797513944 , -0.3187792249570801 , 0.5491229425881295 , 0
-0.05282256468474357 , 0.20850558453279466 , -1.1225682031116078 , 0.7891286320314564 , -1.0835277731794501 , 0.11623827099682969 , 0
-0.08133241793026368 , 0.9337801462940752 , -0.8158903972341065 , 0.8002984675655185 , 0.017751778219274417 , 1.0505193289523616 , 0
-0.7026922403349505 , 0.6020753409854691 , 0.4120692385579839 , -0.7145051595814081 , 1.2739634938106241 , 1.1372921647058962 , 1
0.10363050756223453 , 0.3839253075199578 , -1.386658817769315 , 0.5063471659690161 , 1.3416449735238583 , -0.02657878931332033 , 0
-0.9272468214360551 , -1.9665252898893084 , -0.6052072695902025 , -0.07126714901767568 , -1.2899352240280961 , 0.11874815336851717 , 0
0.45001733210365746 , -0.40698055924607857 , -1.5209706150346438 , 0.9064118819472897 , 0.2867624257879508 , 1.030725438079992 , 0
0.5554591182344227 , -0.4867269690998558 , 1.2090921360751985 , 0.40479379498282436 , -0.9754261204591168 , 0.899872458155286 , 1
-0.843401022190746 , 1.2978770004021805 , -1.5239558020503337 , 0.7385347849137881 , 0.6834320511807285 , 0.01883487033554163 , 0
-0.716781152343783 , -0.7012385343918837 , 0.8443884222755597 , -0.9011482272182567 , -0.7801367791345946 , 0.7744807104599193 , 1
0.10404655065453283 , 1.4057725105477559 , 1.0695840882033043 , 1.115934979821467 , 1.117546342129676 , -0.740910981585629 , 0
-0.23213722649102753 , -0.8635055704876404 , -0.5167988392141023 , -1.6722483469751634 , 1.5719769781292199 , 0.4113394101169909 , 1
-0.22000292705794186 , 1.36181447430839 , 0.2580134965701892 , 0.6916326626656848 , -0.8872317749018137 , -0.41874937367759996 , 0
-0.5936806001537142 , -0.4701653700943587 , 1.4228065917596284 , -1.554727465647359 , 1.0984440988885278 , 1.2199759870533982 , 1
-0.09139042758284673 , -0.7888463069740703 , -0.18105533919818873 , -0.32312016035473645 , -1.0290854486382588 , 0.04189979554722688 , 0
-0.3276324649473829 , -0.05887602404509195 , -0.7568683273029331 , 2.187579619392398 , -1.0104342826433257 , -0.5512106687345257 , 0
1.9292264705331024 , -0.5782187655253084 , -0.3873432447897999 , -1.5528251694419064 , 1.872763642782273 , 1.6275610832710223 , 1
0.19838392253686787 , 0.24956032750196838 , 0.8362604594345197 , 0.3248522924249907 , -1.4567760379935801 , 1.5432612607616782 , 1
0.14167857003751502 , 0.4217539608323115 , 0.7329474651697088 , -0.6785827579259859 , 1.2463284488905908 , -0.7745348680426769 , 1
-0.07399155322308912 , 1.0751066721786273 , -1.2420493925504013 , 1.7385388580476593 , 0.7571644621417669 , 0.3224999720360856 , 0
0.5124695878871848 , 0.08033115147707472 , -0.19714704653414147 , -1.1580976797518336 , 1.274038197239782 , 1.3463693033570199 , 1
0.1311581546366612 , -1.345676318100377 , -1.1438633357833756 , 0.7539190000120336 , -1.3266928011343841 , 0.07434364652159546 , 0
1.4027083612782874 , -0.14410265023396726 , 0.8448265584933297 , -0.5265180399024989 , -1.295345254708034 , 1.1016145300098361 , 1
-0.6131090170342366 , -0.12321735468171978 , -0.36367680744142494 , 1.7424605700644817 , 0.8990053327021653 , 0.4419367269356244 , 0
1.626184679061312 , 0.977068626131068 , 0.38845742379861853 , -2.12043199694554 , -1.523019644626391 , -1.4760211962871599 , 1
-0.7716467955570399 , -0.09648453685477747 , 1.0312150738168022 , -2.1712711819548622 , -1.4573769261225609 , -0.9162474103783413 , 1
-1.1288022589715907 , -0.06260246185602261 , 1.8360090005849992 , -0.5052655658758592 , 1.277433773512177 , -1.145643340533675 , 1
-0.022356691976709385 , 0.07749711818487486 , 0.31026927683238725 , -1.0335799684659455 , 1.8929696171601944 , 0.6955427668363623 , 1
1.3038845166800561 , 2.218591547038235 , -2.130473739479698 , 1.6106012324947363 , 1.0446039584974023 , -0.018640540497080298 , 0
0.40095065282194164 , -0.4813610280269698 , 1.0244512606676046 , -0.7043862113161713 , 1.086880944342141 , -0.3178809864479884 , 1
-0.6316873690250029 , -0.9530480023430551 , 1.1043122137067538 , -1.003846721737639 , -1.0559064449969133 , 1.1762675654957753 , 1
0.43398651453519504 , -1.610727267832399 , 0.695010543609925 , -0.01702662717373285 , -1.3706672544795373 , -0.19391886311005588 , 0
0.6725140021677569 , 1.2693918167941505 , -0.26222861964182936 , 0.6698619615735772 , -0.5672069551357928 , 0.9004913441560279 , 0
-0.6169625339625735 , 1.2447900008206771 , -0.9767546594132616 , 0.5697563920497672 , -0.37488625780534973 , -0.15786852065170162 , 0
-0.5623889360168665 , -0.2536656811347768 , -0.8825893552480236 , -0.7393391193743984 , 0.6077813689760829 , -1.5305149351358678 , 0
1.0046347175857486 , 0.4796382687302351 , -0.7582026790903991 , 1.082122983057707 , 1.1536194700846285 , 0.12123400263212747 , 0
-0.10130001064139318 , 0.9425927473677833 , -1.5554766035914194 , -0.03768318406208838 , 1.208675568187204 , 0.2226478476671598 , 0
0.6474547485065272 , 1.507953234292785 , -1.0284226279668236 , -0.4625188173392643 , -1.0897598650085956 , 0.9277458099670962 , 1
-1.977753441298395 , 0.48174800466317447 , 0.13583356525781498 , -0.5917099081905781 , -1.2352285818753186 , -1.064133340734689 , 1
-1.2828838502989466 , -2.814080222937325 , -0.031137219438917802 , -0.42009204029791664 , -0.5659447762931147 , 1.372340043275678 , 0
-0.6550936635326273 , -0.5926854639449305 , 1.5719401991928856 , -0.42821788841929476 , 1.0519872957536884 , -0.9561847604940036 , 1
1.0877334707341146 , 0.8531984280797137 , 1.1271547762512402 , -1.5667290004138112 , -1.2132079825607445 , -1.2903932451357092 , 1
0.8857576011472537 , 0.20632469366230374 , -1.1092217691978163 , 1.660177936661917 , -0.23053080444208254 , 1.1173784843619394 , 0
0.18577619699344888 , -0.39893518573342934 , -0.053615711883439256 , -1.4668835837329561 , 1.1793934353096012 , 1.2187048343515736 , 1
0.09499715711027931 , -0.6628818070750163 , -1.052912976514851 , 2.6852117347133975 , 0.945705580296629 , -0.49939266210551714 , 0
0.3096550772370233 , 2.1167856747416423 , 0.2534159183381167 , 0.1366524667598393 , -1.1705943414487143 , 1.0703640978894342 , 0
-1.3577837456803905 , -0.8447502259858254 , 1.5588735559336964 , 0.31061232925300775 , 1.314495908871374 , 1.4770166793498407 , 1
-1.0433724846577268 , -0.8609650561578036 , -0.10292489994165867 , 1.1693168295194079 , 0.3093083214276093 , 0.07412901123546567 , 0
-1.651077662697669 , 0.22668576778428565 , -1.6950218404280917 , 1.701637576129657 , -0.7894131162432579 , 0.07263514501129435 , 0
0.308719667729477 , -0.5177507099747364 , -1.4690208106266514 , 0.9930877580243834 , -0.033633961747808465 , 1.2767139186797205 , 0
-2.7743237920018635 , 0.45462076182493505 , 1.6887689056090545 , 0.1410978329533721 , 0.5336896547097286 , 1.2624276288044325 , 1
-1.5230816231823623 , -1.0032097831559972 , -1.005728474517567 , 0.5369927034278217 , -1.0526249635607219 , -0.2695047351496726 , 0
-0.20376354427642035 , 0.38265366659344247 , 0.47950464069431215 , -1.631642520811331 , 0.7722408509789875 , -1.0911759913141668 , 1
0.8335533282602158 , -1.6628612380406786 , 0.7914065532461568 , 0.4754075705717262 , 1.1442475966787689 , -0.9984737314942255 , 1
-0.12346057331315226 , -1.9129626292415165 , -0.2760219631333501 , 1.1197137638394266 , 1.1898526761732202 , -0.021722052177482343 , 0
-1.247015786911594 , -0.9524947375105481 , -1.317256051832674 , 1.1842762572731762 , 0.9485794597823558 , 0.5814175803971071 , 0
-0.08954921998280754 , -0.5201514489270276 , -1.3898408517804415 , 2.5524192619448245 , -0.15159418359554705 , 1.4557714403362938 , 0
-0.598409003038897 , -0.17545372158461311 , -0.7861896839843281 , 1.1705832044407063 , -1.772715610270071 , -0.09866854708736336 , 0
-0.1278587229586454 , 2.924990309754817 , -0.6183693701175258 , 0.20967749967756058 , -0.7620757117803072 , 0.10913594754270428 , 0
0.857565593392594 , 0.5483030149448108 , 1.5411618974872519 , -0.08979132407550876 , -1.2052871663750488 , -0.5365770860678867 , 1
-0.42489266664040143 , 0.550395014683786 , 1.3689632260892612 , 0.25021880972415184 , -0.9088294627464308 , -1.1844133353633548 , 1
1.029266905987469 , 0.16525363136227852 , -0.5278757806977744 , -0.8153126149506099 , 1.086766127375747 , -0.9275091924795746 , 1
1.604829244545911 , -0.19093360382390903 , 0.30809221889653343 , -0.36113445964509544 , -0.6987826384008361 , 0.835650248528909 , 1
-0.29991409613576675 , -0.0005095622362468795 , -0.08375438774058247 , 1.0880639793587032 , 1.135220848990509 , -0.9949492438054116 , 1
0.17810177801507568 , -1.710138104478691 , -0.6738217449732962 , 1.035395372751033 , -1.3874186513298608 , 0.13748841902807232 , 0
-1.7804332574554151 , 0.3679220629504634 , 1.5598291066797698 , -1.4151475830329086 , -0.7998019613478032 , -1.6021924348733987 , 1
0.64867364879994 , -1.8307491966857616 , -0.1404975958537394 , 1.575810289714846 , 1.1662793068665827 , -0.6719465494103734 , 0
-0.6178786585300808 , -1.042437371435025 , -1.0316967964797343 , 0.8214751102514005 , -0.1225263149182514 , 0.7523303852274342 , 0
-1.0310622046141258 , 0.6603587476138463 , 0.6675017004554635 , 1.435415081205887 , 1.2813256579909564 , -0.05108209743165641 , 0
-0.15412336408513458 , -0.7016660234972768 , 0.3079176176600176 , 1.507715646088186 , 1.1503201267241663 , 0.13740752892699387 , 0
-0.9891148384111641 , 0.7733457165055871 , -1.3769277342250124 , 0.6291226058205882 , 1.0316760521915795 , -0.21927124051840927 , 0
0.8534026420930484 , 0.38739198957442667 , -0.8876744115480198 , -1.209748756432338 , -0.5381572984793791 , -1.4000074772203879 , 0
0.3893561978784575 , -0.2892376879126379 , -0.9277832953646866 , 1.5332217514583324 , -1.5835179057204742 , 0.3564622063383435 , 0
-0.5828186146632481 , 2.3455031864668268 , -0.8881135842118597 , 0.7151327626798982 , -0.8271563903719612 , -0.02839342893552239 , 0
1.1450692031729635 , 0.5036384252196019 , -1.1456444900812113 , 1.9614280093278824 , 0.24621688958060894 , -0.6443598733236496 , 0
-0.7288390489547235 , 0.06219002120574644 , -1.0354533985571965 , 0.675486044455959 , -0.5915418681908561 , -1.6563055991179225 , 0
0.23689303838017145 , 1.6806339742197263 , -1.577441898100763 , 0.16493208267797146 , -0.05460914848858139 , -1.1593992759866762 , 0
0.6828609223273815 , -0.3424770816475222 , 0.7423940008481718 , -0.06645622798970968 , 1.0447410668571626 , 1.2090835818518246 , 1
1.0680852153659142 , 0.7581543424752336 , 1.2529692180488212 , -0.286781691130743 , 0.9402112256619796 , -1.578377170035359 , 1
-1.2207943775315233 , -0.9529848043510136 , 1.1288097067649867 , -0.23184073864267232 , -1.3446366767798383 , 1.492716410878632 , 1
0.33037723530031027 , -1.1542326962787472 , -0.9628276748143467 , 0.8636175531992902 , 0.790629083984686 , -0.7098957099219406 , 0
0.2742268253335565 , 1.0389540526727365 , 1.5609112824370008 , -0.25895059533087605 , 1.1556041321630208 , -1.2573874861793677 , 1
-2.2309532497983207 , 1.1870938479795934 , 0.20005861023370597 , 1.1035773865336644 , 1.1790225579270008 , 0.8650340817636444 , 0
0.8162891169351694 , 0.22244615601276635 , 2.4385743335852483 , -0.3615797896288521 , -1.3457492684786418 , -1.2671642739003266 , 1
-0.07620413568665285 , 0.7438402417622814 , 0.41789164645513366 , -0.9789932564285839 , -0.8868601856521957 , -0.9197411731620011 , 1
0.1865331326905784 , -0.6477704159404438 , -1.2292275800032073 , 0.9368047599470103 , -0.8051202746071383 , -0.11744820019216211 , 0
0.8957060431269546 , -1.023972832725502 , 0.993511623551224 , -0.9360323007828028 , -1.3089358724320599 , 1.5138552297700496 , 1
-0.0513604218913491 , -0.10322963419116277 , -0.29942972508156723 , 0.7464024217092854 , 0.13936449319065264 , 0.922714396606198 , 0
0.7969841866381289 , -0.6160772505628334 , 0.5446818833924697 , -0.7075122695687848 , -1.288463832076092 , -0.7975657440191848 , 1
-0.6089627721860432 , 0.021879663171690093 , 0.7837846210615989 , 0.16209894461766294 , 0.8784103655433478 , -1.0065661372060337 , 1
-0.3254771105659833 , -0.13973765471515 , 0.37879743836411145 , -1.0233127671640054 , -1.324443915485771 , 0.5978186629068611 , 1
0.992077417988237 , -0.9276307768504594 , 0.8234197542111086 , -1.5697845277630627 , -1.1804564562837292 , -1.483734850826977 , 1
0.5848370768549068 , 0.28902006910401623 , -0.16447747074420094 , 1.0966701916928026 , 0.20190312218129583 , -0.9070495133151388 , 0
-0.8874648348370818 , 0.6700172435356623 , -1.4657376947596374 , -0.5646670127372081 , 0.09679104829288344 , -1.1211797916453852 , 0
0.1534529194857517 , -0.03976154598640092 , 0.9581797494480261 , -0.6487720895829242 , 0.8673700273091487 , 0.8153137810950324 , 1
-0.49063220716070866 , -0.9591770051462284 , -1.2007020789654912 , -0.15967528090251742 , -0.7658742818851172 , -0.5090043663123206 , 0
-1.1515903281428916 , -0.8704091404628811 , -2.885657488324128 , 0.9561816976510031 , -0.05144139894042489 , 0.9254551543634121 , 0
0.5503950117244919 , -0.9876578432006828 , -0.11314477578078729 , 1.2686768575796228 , 0.9295150578949039 , -0.6573717847171192 , 0
-2.590504346753639 , -0.11357106624887217 , 1.2271610803383772 , -0.033748453243282565 , -0.9929840260429862 , -1.0476095494150433 , 1
0.14371474995220834 , 0.736259387076928 , 0.9964430965899292 , 0.19800125319560977 , 1.4417736605079126 , 1.4428255177062181 , 1
0.5913423630056466 , 0.4879635692762167 , 0.12301402310675578 , 1.0508834043691109 , -0.9144324807183549 , -0.1376067905935941 , 0
-0.15965307523425978 , -0.9150618269751403 , -0.6538323623603354 , 1.9620735170033148 , -1.1295837316995065 , -0.20861869773772854 , 0
-2.697162289781713 , -0.6047041555557191 , 1.0500386026095851 , 0.6452372732119928 , -0.8936751483997553 , -0.7213533217853514 , 1
-1.7396211453247243 , 0.71326422432981 , 0.9978073054019265 , -1.9473898079130387 , -1.1986804389597383 , 1.4311050989424121 , 1
0.791313088683832 , -0.5212919837042881 , 0.8921805081603537 , -0.42772194465545127 , -0.8074754507635801 , -1.2122703387959817 , 1
1.6491885469664147 , -0.5988224379726985 , 0.5112516759610838 , 0.8445109452389398 , 0.518821435204693 , -0.7847600878812562 , 1
0.5452009069261344 , 0.7571721543608025 , 0.8643582482735702 , -0.4866254581154026 , 1.1513114761225398 , 1.2836514114978108 , 1
0.8293518886440205 , -0.5969974900296847 , 0.6819510048798405 , -1.8260981142716355 , -0.7489155433514398 , 1.5706560105662775 , 1
-0.00473993595694793 , -0.3008536401970636 , 0.46230485544218985 , 0.2793691224032164 , 1.2749081042734403 , -1.4790130427448696 , 1
0.45318207072219924 , 0.5871047722420999 , -0.9515559956882891 , 0.39291528980099766 , 0.7523651871340608 , 0.10369173146107397 , 0
0.6127939322518194 , 0.774544005449274 , 0.8837804412452969 , -0.5715724983261367 , 1.7888024055242027 , 1.184499249737363 , 1
0.6066861315660206 , 1.0318968956617802 , 0.03250790022692004 , 0.6701360796050531 , -0.21429331750556965 , 1.154976380279671 , 0
-0.8164576987893046 , 0.564476110115215 , -0.2938696169127527 , -1.5949409440239346 , -0.5920859120423663 , -1.0302151680102722 , 1
-0.30700981402399946 , -0.006237640230895388 , -1.6283336841663532 , 0.5996583117875829 , 0.2109489912497753 , 0.9068854139786864 , 0
0.8740926304422735 , -0.07240061643086768 , -0.5780263742944018 , 0.25708277496236764 , -0.034933691755708124 , 1.2578875950486932 , 0
-1.3408365439313046 , -0.7452741717797772 , -1.2027621954991767 , 0.5346021056344044 , 0.12460939679952295 , 0.9867570778017221 , 0
-2.528123258737605 , -0.4190583872896509 , 1.874790729901687 , -1.8629040522833982 , 1.0201763164008733 , 0.8909969909498875 , 1
0.8821202585029025 , 0.3965382845463857 , 1.7914512855334908 , -0.737835046607951 , 1.7632258302246417 , -1.2705008045480308 , 1
0.23429411915452208 , 0.47930424359804763 , -0.3600394423946012 , 0.8872802530356934 , -0.9928221977241141 , -0.505284699206592 , 0
-0.9101318046324772 , -0.08067113769250217 , -0.017786724895201018 , -0.5338237118969508 , -1.1427933845167 , 0.913867130399492 , 1
0.5067361730818444 , 0.16513843250510468 , -2.963468812053984 , 1.0847160587617473 , -1.7092291055445274 , -0.2120794878026438 , 0
-0.8440797203004492 , 0.9515707831114959 , -0.6066385386415428 , 1.8249573688317673 , -1.1203373426917016 , 0.22055665694029375 , 0
-1.8823122597673874 , 0.5949673700969583 , -1.4347388570797213 , 0.18415355070909298 , 0.7827488523798772 , 0.1703828609107474 , 0
-1.0732576229309014 , 0.09796419369848593 , -0.37805381513256725 , 0.07959372349562764 , -1.058143698366111 , 1.2907494308109266 , 1
0.2674912526955131 , 1.439818697253461 , 0.7743438855506234 , -1.0881390036886016 , -0.9796632850807621 , -1.6902993751599003 , 1
0.11803789312984148 , 0.9501622811638872 , -0.38253076145006437 , -0.11380712310675191 , 0.07566758118774677 , -1.3082286446048468 , 0
0.23069510423940257 , 0.4737256602471545 , 0.34124783488758376 , 0.16684699266311204 , 0.5525176125909236 , 0.5801837983522786 , 1
0.7924678374963593 , -0.9116494679500845 , -0.6237677532347116 , 0.6482760724314318 , 0.6930216114473216 , 1.1253606773799192 , 0
0.8463587251594978 , 0.29763286525167115 , 0.3586485513703526 , 1.2693673609316207 , -0.03966297514872084 , -0.7469555454157327 , 0
-0.8727852857074481 , -0.5328159907366794 , -2.0991001682105446 , 0.9674877594879616 , 0.6958512476864789 , -0.820770079107837 , 0
-0.2643612085632589 , 0.05183004311622872 , 0.14794423544267044 , -0.5612890853931649 , 0.8961666303524322 , 0.9971255988296461 , 1
0.7935478979622398 , 1.1229527213243176 , 0.4008223244519307 , -0.491621049206993 , -0.6659808023639449 , 0.46168798846860776 , 1
1.2417532596997016 , -1.1651172088812045 , 0.015250960134136928 , -1.3036590528100536 , 0.15192678939545265 , -1.7893624411625138 , 1
0.7827885736734032 , -0.04573510298767466 , -0.3553443485171923 , 0.5440530980099731 , -0.4113070414209106 , -0.7522525206278055 , 0
-1.0447058326065242 , 0.6396895746895213 , 0.3685941345341458 , -1.5500250888103289 , -1.1423363272492626 , 1.5672373639537416 , 1
0.08541262550689471 , 0.25504052515033226 , 0.9054296532012797 , -0.5156325591919704 , -1.1602781736616916 , 0.08421986508471864 , 1
0.6943593907848832 , -0.7628358054252953 , 1.9823888619475722 , -0.7483231285645519 , -1.3767364858645215 , -1.1350661236683584 , 1
0.4963461645651838 , 0.4279930503685847 , -1.5712569112100363 , 0.3680429743421688 , 0.36195746032923076 , -1.3979704272089213 , 0
1.425201897008199 , -0.45754895633781834 , -0.6834442190022264 , -0.1717155229408966 , 0.631501153785181 , 1.1279572381781224 , 1
-0.6850395479691239 , 2.4819987973180684 , -2.175303200966246 , 0.18560873462046515 , -1.0661663805987465 , -0.42870732835065883 , 0
0.3731109728022723 , -0.010126294764075618 , 1.1962356444945341 , -0.8427733574394247 , -0.4581447458314767 , 1.016897000636461 , 1
-0.4406883283714492 , -0.10454197598654245 , 1.8496904976092012 , -0.2815960836604643 , 0.7612448181949798 , -0.8580897779054663 , 1
-0.973760673803303 , 0.017466764328850592 , 0.05227379940900755 , 1.44870251308949 , 0.14460357850142547 , 1.1613045725120583 , 0
-1.5069122360951432 , 0.007230549269398352 , -1.284309639299509 , 0.29757498082272377 , 0.1575957640200088 , -0.997923567957089 , 0
0.1564726401424598 , 0.22952685113159607 , 0.5693763373889476 , -1.4545271290924144 , -1.0633991889113823 , -0.9661310414867725 , 1
-0.7372032223286346 , -1.7173057990859577 , -0.31956013463639565 , -1.4449139425499997 , -0.8794694922108331 , -0.9431870498044274 , 1

-0.7830882657400944 , -0.8768261088101714 , -1.3476167717064522 , 1.559536664613034 , -0.11760475987172976 , -0.9903985507855694 , 0
-0.04230336955937889 , 2.1017123327449077 , -0.09509492215831805 , 0.9007601138327685 , 0.33764146979423426 , -1.0410911974626327 , 0
1.3723587778734034 , 0.8539674542318028 , -0.07590813467348158 , 1.5730613832174452 , -1.0485029534867765 , 0.12366252258918271 , 0
1.1009216223143188 , 0.9651043060975089 , -0.7154518398651406 , 0.2998668477429684 , 0.6809085432892501 , 0.29135548228836233 , 0
-0.42692597941920535 , -0.8604190196289178 , -1.2313665816590227 , 1.193819224996585 , 1.353020009207654 , -0.14409888545045169 , 0
0.6604185002710884 , -0.2642856148196105 , 0.6978481433503105 , 0.590119603653198 , -1.1701132328374149 , -0.44278122479863796 , 0
-0.7025388775325678 , 0.07394608189615784 , -0.9558500237327432 , 0.0021289422374638923 , -0.42459169538336555 , -1.0019874732998242 , 0
-2.663261352956053 , -1.1325134210917707 , -0.6968535689495641 , 0.6840265449376354 , -1.471415397115401 , 0.49743340589787477 , 0
0.8515247717237122 , 1.0981596708538663 , 0.7040222308435653 , -1.7319910735046922 , -1.0682435806945083 , -0.8884219002762247 , 1
-0.5367963587902519 , 0.15379530567005975 , 0.08232417742528866 , 1.1784325467896821 , 0.29707836795337433 , 0.015523828729357918 , 0
0.35616784429643455 , 0.11449601346366943 , 0.9041328536556229 , -0.681377701768532 , 0.762104399776016 , -1.3858484053433617 , 1
-1.9310132383918983 , 0.10608511784441278 , 0.824606043593091 , -1.3381553040111311 , 0.9489826069670722 , 0.8042782767420452 , 1
1.803249314485047 , -0.29569339153872787 , 0.10624077365783623 , -1.2297593549513819 , 0.8486532985210439 , 1.5126033386116247 , 1
0.20569239533969458 , 0.46666839650002845 , -0.09225465124747134 , -0.17988335544310202 , 0.8934173616540352 , -0.0013908089779016313 , 0
-0.05601920074051896 , 0.011624148185864169 , -1.117109682440427 , -1.8999912001769175 , -1.5996745149774847 , 0.8383992927396894 , 1
-0.14469200131342916 , -0.07083717000404516 , -0.5193154085753349 , 0.3239482795751705 , 0.2346594512994177 , 0.462333187590993 , 0
-1.215590030772707 , 0.06910317667009425 , -1.5257485469792824 , 0.3537656471729277 , 0.40605962772123144 , -1.0519426314004605 , 0
0.32963055341918956 , 0.6421553159790714 , 0.09925130101904661 , -0.76103221386985 , -1.0066845473593697 , -0.7857724047353465 , 1
1.548832378145983 , -0.21291875548079164 , 1.5711741287826633 , -0.8181820232561263 , 1.3237916207420968 , -0.9556889695090891 , 1
-1.2237417645172082 , 0.07010076698303169 , -0.5001286060080729 , 1.866747279714081 , 1.7900098735225407 , 0.18365858202691773 , 0
0.11898119122544483 , 1.8844149501861798 , -0.6169494808521244 , 0.18695023976776937 , -0.019770133982732186 , -1.8341742496187563 , 0
-0.7148435785379589 , -0.06005402154164563 , -0.44907712390439286 , 0.10832246597584538 , -1.2723747737682134 , -0.6616229647591245 , 1
0.8522159446509832 , 0.08890427046422886 , 1.4286307175689221 , 1.1482159196402801 , -1.1396781445993207 , -0.8152137903517482 , 1
-1.1921718942873931 , -0.4247486133996656 , 1.3679935070947604 , -0.24310386958602712 , -1.1620028014405046 , 0.7729722755790234 , 1
0.9036425081220573 , -0.7326489605298427 , -0.5653908248709574 , -0.3452442943244029 , 0.15216017940998613 , 1.4226903937930768 , 0
1.6094297852380897 , 1.0550111219815235 , 0.7314621250921981 , -0.8046985446403196 , 1.8845404464374258 , 1.1540886929212255 , 1
-1.5682213916514538 , 1.7393055064631888 , -2.005883000071942 , -0.7600491849307057 , 1.0385031479652198 , 0.18127089848667344 , 0
0.5815717022599992 , -0.04378509698454854 , -0.6850745166504447 , 1.0760491150968694 , -1.4658213730348173 , 1.2612016773502601 , 1
2.1899818546299517 , 0.07141764964091188 , 0.2215195305587587 , 0.06305246859428158 , 0.5522506075195239 , -1.079115367799708 , 1
-0.8175499719874251 , -0.20977192242071066 , -1.5162807856065479 , 0.05157030816570523 , 0.08743804720960777 , 0.6898587654645055 , 0
1.9690093958430515 , 1.1522962848107146 , 0.7392909646241956 , 0.6824221454417978 , -0.9405410563623733 , 1.1696776740404682 , 1
0.13212698230157696 , 1.881734152465897 , -1.431104483963131 , 1.1078631287785277 , -0.8074986111223876 , 0.17369131397865892 , 0
0.5307302897310949 , -0.49675125681845095 , -0.43463132583650327 , 0.7194614803254348 , 0.37901721132196936 , -1.2290996114271433 , 0
-1.0635591190655969 , 0.4427128132554577 , 0.37482990415730244 , -0.44588880206981907 , -1.1188636654690542 , -1.0000582720768618 , 1
1.797452612970788 , 0.21176167153577924 , 1.9399367078389265 , -0.9911630631526047 , -0.8912711038786729 , 1.2945721633368659 , 1
0.4642785758038238 , 0.8636525536576501 , -0.527433182615134 , 0.76301859169094 , -1.0087333138622376 , 0.37320532762166725 , 0
1.1626363897085625 , -0.326052162959872 , 1.8442819722058172 , 0.3598805077314897 , 1.1612000909720759 , 1.0980523769412853 , 1
-0.17331854427862387 , 0.15735919175732072 , 0.8618298428451878 , -0.677790634627231 , 1.48419055700844 , -0.8850194292657505 , 1
-0.2524119484463312 , -0.6465005416454767 , -0.9725974275856271 , -0.1885565183218083 , -0.7845255301950231 , -0.3580092265695256 , 0
-2.1174212237638725 , -0.11977481252616877 , 0.2459806342612091 , -0.992349586865326 , 0.9412203528240284 , -0.5522883470044996 , 1
0.11498785439988639 , 0.4845839714884547 , -0.1517860370239459 , -0.546377810202539 , 0.9093679275339558 , 0.9004450709306884 , 1
-0.6767322543256485 , -1.359057644656718 , -0.760537767221792 , 0.9410235661011497 , -1.5747334180859802 , 0.16363059134337946 , 0
0.1146328012691041 , 1.312792699454051 , 1.9560648781720897 , -0.8063207020248833 , 1.3977555150434742 , 1.4880160256248007 , 1
-1.828373575065243 , -0.16777222444761233 , 1.4304847486522492 , -1.5419742156856473 , 0.9487365882924884 , 0.9691645708868548 , 1
-0.8962893233491321 , 0.5818777579864743 , -0.9650843266626987 , -0.49372022172031044 , -1.6150249067746885 , -0.6816517254726622 , 1
0.286646961279705 , 0.9859293804678485 , -0.3314343953245581 , 1.4254899468196445 , 0.25575070761845436 , 0.7991475840002951 , 0
-1.8772775028249082 , 0.9697771757835041 , 0.008434439519951377 , -0.5449181321606806 , 1.374000858056707 , -1.466319894638105 , 1
0.19008226525346567 , 1.7333680254324884 , -0.9414062313724662 , 1.5135655125511058 , 0.30973230032747484 , -1.4748776346646122 , 0
0.5127533704512012 , 1.8538159486537196 , -1.8755337612102783 , 0.8440082412222552 , 0.0841357030204405 , 1.5995579900192924 , 0
0.46856825387163453 , 0.0739893685729337 , 0.749308684641974 , -0.7334595144628087 , -0.7635273282094022 , 0.668035393633809 , 1
0.7209772959575422 , -0.5082664445431744 , 1.3590216868902765 , -0.7427353830233256 , -1.5175092827385603 , 1.0900789665900803 , 1
-0.5075052682964516 , 0.7645467493596707 , -0.5490696258072446 , 1.1675450136241787 , -0.7243204110259712 , 1.6104875915595762 , 1
-0.5664500658464995 , -0.9272084001778084 , -0.023519965750990277 , 2.3084771527769905 , -0.11261459189698353 , 0.80577252054472 , 0
-0.5427049137499685 , 0.09975609538742881 , -1.6620743108929446 , 2.2513694208305255 , 1.0509403489642974 , -0.0930597297945046 , 0
-2.247436626660395 , 0.7179577516221641 , -0.7301705344675583 , -0.31120831468413207 , -1.1376757408758336 , -0.8762554691796413 , 1
0.5668215339480197 , 0.413958340716072 , -0.06779477361610595 , 1.523556531868567 , -1.6300992318158947 , 0.6467415512505608 , 0
-0.2734294985170279 , -0.6175116034296324 , -0.12690895274570116 , 1.0300284661983716 , 1.1208641964014865 , 0.039693842935014566 , 0
1.1908159038421817 , -1.1749358455747037 , -0.13064311322495903 , 1.1400331499855205 , -1.189655602216529 , -0.6535087400809813 , 0
-2.3730886023670577 , -0.25445810272692165 , 0.8862676892118873 , -0.8407226466999055 , -0.6582893399850317 , -1.0545178357513678 , 1
-1.7012291371691757 , 0.7268686056832595 , 1.150210628633296 , 0.4660550506995367 , 1.3138718875445685 , -1.1926701241336575 , 1
-1.471996833092521 , -0.48316894888553025 , -0.8811927241138755 , -0.5582191582844886 , -1.4737982689175366 , 0.7171050200658953 , 1
-1.1935264013708529 , 1.4878307844273935 , -1.9251720969096813 , -1.470373732295238 , -1.056347487102935 , -0.62009940854008 , 1
1.1689428046615724 , -0.328326593159105 , 0.5863331955661998 , 0.4368447052503463 , -0.22358167276398977 , -1.2061682366589503 , 1
-1.5024186316527954 , 0.06299602354437177 , 0.2216009583957194 , -1.1141944644287285 , -1.0513288071653055 , 1.604078757599545 , 1
0.045835065873218346 , -0.5358913899261236 , -1.4960234927124203 , 0.11285462658229335 , -0.3069353310496529 , -1.0193804276989704 , 0
2.4642860701310285 , -0.3244454603255904 , -0.9744068981941473 , -0.07929007369907336 , -1.2433028659823915 , 0.6368515900851324 , 1
-0.027204600681581724 , 1.4879705903570226 , 1.053972273576938 , 2.300771474198024 , -0.32828764451496417 , -1.0933815163942215 , 0
0.156470559088297 , 0.3121791742148764 , 1.2115290448827793 , -0.5429696252608325 , 0.9676456968038818 , -0.8721259399302176 , 1
-0.4828725702759305 , -0.9567057097573044 , -0.4296944828525443 , 1.8507787168060466 , 0.9275661868220567 , -0.5084070500081076 , 0
-1.5659512483634388 , -1.212911990001046 , 0.8151772292893185 , 0.7580587638359367 , -1.6236595113356602 , 0.6002623529269379 , 1
-1.4708869711130603 , 1.0924953443207222 , 0.20993678169802682 , -0.34160234273227064 , -0.587487719195476 , -0.45950724114450675 , 1
0.12593545942120593 , 0.15443211171523058 , 1.1548002244399198 , -0.49654225834908083 , -0.9022866991081957 , -0.46891536085101465 , 1
-0.21164294543180148 , 0.09034542410365468 , -1.5126650450714298 , 1.2036901281256494 , 0.22337111942605894 , -1.2966255790559211 , 0
-0.9846606885200998 , 2.370061972096161 , -0.7652103054567715 , 0.4742724750985711 , -1.29290893518314 , 0.18701552089294213 , 0
1.6371133371392514 , -0.23740610953170016 , 0.20084096553555744 , -0.7987151930056141 , 0.672060205139989 , 1.2892541575337346 , 1
1.2864022369995267 , -0.5893012341799798 , 0.46960881727710635 , -1.6079321227771723 , -0.4056172659500875 , -1.0195091213627245 , 1
-0.38956741038892645 , 0.7826856431413655 , 0.1321282505348952 , 0.14571229896442284 , 0.568627740858489 , -1.5324728240592616 , 1
0.20212634920537167 , 1.058489995414612 , 0.3850785342719253 , -1.346054094599168 , 0.6147724845436157 , -0.99279294607385 , 1
-0.33572167564282723 , -0.7731888188651708 , -1.935486269988884 , 0.10333254425438286 , 0.6838671870149969 , -0.8982540240152608 , 0
0.24643852562369936 , -0.45329525298844925 , 0.05286172220272838 , -2.174197106134611 , 0.7234844645519087 , 1.5271044491824988 , 1
1.5212858571336225 , 0.7789604074189398 , 0.555498053115287 , -1.639732435121686 , -1.1308613925583255 , 1.556680288111511 , 1
-1.065824464848242 , -0.4953732855456252 , 1.9010250403306859 , -2.702146596034193 , 1.1800487574174967 , 1.0202184412335131 , 1
0.16673620335147316 , 0.5972503405977088 , -0.5580225723690306 , 0.19401287044777824 , -0.302872097548168 , -1.1585733699334706 , 0
0.22941341628185044 , -0.7226313840853212 , -0.06946768642961178 , 1.9310166826653428 , 0.004529352336829338 , 0.7552244060706189 , 0
-0.36881610864301057 , -0.9205260714221961 , -0.08716359441158794 , -1.4075995743655685 , 0.9360944263912054 , -1.4902739654689068 , 1
0.0661764110871944 , 0.5489625642911714 , 0.586195412872318 , -1.0511272463647154 , -0.6425831343614418 , -1.1232418132286144 , 1
0.46205501642166225 , 1.7422410183114718 , -1.2860936901035198 , 0.5689849029441338 , 0.03827533779176533 , -0.8385914287325306 , 0
0.5616998916668526 , 0.7142087031842603 , 0.31889238133364517 , -1.2129359620934552 , -1.3148451853522911 , 1.032907532040248 , 1
-0.5501838498124523 , 1.7116547853721022 , 0.024431051364325437 , -1.1596608522854621 , -0.654408415511646 , -0.8875380945603142 , 1
0.6218727114329373 , -0.85844466280307 , -0.9150580290369218 , 2.243567821895904 , -0.8754380485287397 , 0.26894841211493525 , 0
-1.9713594526880946 , -0.9727389202119756 , -1.367750905463644 , 0.5163178023752117 , -1.1503765869802591 , 0.2585253813580265 , 0
-0.9166659201832835 , 0.32352080610528783 , -0.9126897500596289 , 0.6722788848326978 , 1.49155238899917 , -0.07822075707744025 , 0
-0.7572463215983862 , -1.2762108686275466 , 1.0464179630933264 , -0.20548597424056061 , 0.6507245807309503 , 1.3834727747010136 , 1
0.5238269866608716 , 0.35036468144741145 , -1.1873375678866138 , -0.7427311418546542 , -0.23709962140655677 , 1.1758098310522498 , 0
0.05340210653036119 , 0.48053702397137477 , 0.3280937854257301 , 1.6750948245839283 , -0.9157980931217217 , -0.06697782804015667 , 0
0.41298206159436107 , -0.4615602117293229 , -1.1339405317156583 , 1.3228045843270198 , -0.2894387241139055 , -0.4597048051746845 , 0
0.46533683544505083 , -1.3899378828120232 , -1.5605755689273328 , 1.2815198582533494 , 0.033977180081448406 , 0.8743053092707632 , 0
0.8591180003203976 , 0.29833740693829613 , -0.7102718823241956 , 1.2442640806196308 , 0.13280362427401976 , -1.671754583750646 , 0
-1.9863530312888806 , -0.8073920881288187 , 1.2975567588832349 , -1.1637752505269559 , -1.1337555477451713 , 1.1584023517878264 , 1
0.6947734373028587 , 0.8410480814199467 , -0.0699743282195501 , -0.895551695185838 , -1.348906032730238 , -0.8304259599077753 , 1
-2.011450945901926 , 0.668033643044354 , -0.04689912072997864 , 0.12011067457503392 , -1.3520547300466719 , -0.8360597506000944 , 1
-0.7952585486532577 , 1.1967080737991014 , -1.2285414198400484 , 1.3471236847037737 , -1.2924965436576548 , 0.1314392854071156 , 0
1.9174262513998548 , 0.6732212275257837 , 1.3792856255821235 , -1.6251709451576748 , 0.7325036469544627 , -0.9812649145902822 , 1
0.5314500905042401 , 0.31711560683509227 , -0.12031033516204194 , 0.18787054873561015 , 1.4015975728972703 , 0.2006593542010089 , 0
-1.6231680386022451 , 2.337523018133714 , -1.254602319097448 , 1.500554370727348 , 0.1305663311592808 , -0.7105459025368932 , 0
0.4082924795079134 , 0.5308748770844836 , 0.2779881042058635 , 0.2478209538745735 , -1.2916996708427615 , 1.1789452587729339 , 1
-0.39501925472612553 , -0.05125560926845945 , -0.44130614736720025 , -0.10763517397104043 , -0.4142698916612286 , -0.9163011968337557 , 1
0.7412243060111718 , 0.09023274216775061 , -1.1219348362377164 , -0.7131729271538378 , 0.06147386136024696 , -0.4556732374429138 , 0
0.5577001148739479 , -0.6396776871776427 , -0.9212558742640752 , -0.8454462160858455 , -0.3140050653094955 , 1.015177952458644 , 0
0.10471524458721294 , -0.05947475484274346 , -0.6215843998119079 , 1.0860050236222827 , -1.1809501580449664 , -0.0011589059300181246 , 0
-0.14915878818942607 , 0.13752975281507035 , -0.28329410611927575 , 0.8508628926605567 , 0.9209664664869185 , -0.10754049108880352 , 0
0.9286132559965531 , -0.31484051609331204 , 1.2608401660226762 , -1.4593226239497372 , -1.8059289138992758 , -1.804522309768085 , 1
-0.008883624564512475 , 0.8658654102560559 , 0.40429613440830353 , -1.6736576403645809 , 1.0690722551865712 , -1.1998503621697392 , 1
1.9302264281877628 , 0.8579385450248208 , -2.0145739317041844 , -0.5655942699559428 , -1.4712397675232578 , 1.0019572839403326 , 1
1.219845210496543 , -0.24395652037038332 , -0.2884285392369593 , -1.3946486673392582 , 0.6359457547962795 , 0.8400147627547264 , 1
-0.6692822114474805 , 1.2103495874285741 , -1.0716872424617325 , 1.0959435248848475 , 0.7293535153483345 , -0.07191753559390344 , 0
-2.1243099305577045 , 0.23980155764683597 , -0.29029939849469555 , -1.1161799899443434 , -1.4087503318800962 , 0.5005706370879406 , 1
1.20379340029992 , -0.7066083601427109 , 1.3889064404493563 , -0.5070934537075552 , 1.3529562999222864 , -1.322260626583208 , 1
-0.06393955306135206 , -0.9220502368751579 , 1.6544560222362494 , -1.5275279956840757 , 1.876095986551049 , 0.7592901536608997 , 1
1.0666535922827567 , 3.2771741538742423 , -0.5308788448418945 , 1.4233892411897637 , -1.113810377708886 , -0.15047129038689785 , 0
-0.47186461971078164 , -0.37118987258067326 , -1.0404121794613064 , -0.2537459989501996 , -0.02120134076090398 , -1.4376229041581012 , 0
